player_id,name,web_name,team,price,ownership,transfers_in_event,transfers_out_event,form,minutes,status,snapshot_date
1,David Raya Martín,Raya,Arsenal,6.0,35.5,19781,55859,3.7,1620,a,2025-12-30
2,Kepa Arrizabalaga Revuelta,Arrizabalaga,Arsenal,4.1,0.4,246,497,0.0,0,a,2025-12-30
3,Karl Hein,Hein,Arsenal,4.0,0.2,0,204,0.0,0,u,2025-12-30
4,Tommy Setford,Setford,Arsenal,3.9,0.3,1071,606,0.0,0,a,2025-12-30
5,Gabriel dos Santos Magalhães,Gabriel,Arsenal,6.3,14.1,201650,11472,0.2,1009,a,2025-12-30
6,William Saliba,Saliba,Arsenal,5.9,11.6,39715,15471,1.7,1084,a,2025-12-30
7,Riccardo Calafiori,Calafiori,Arsenal,5.7,9.6,5471,86386,2.3,1256,d,2025-12-30
8,Jurriën Timber,J.Timber,Arsenal,6.4,29.4,12467,429586,2.3,1377,d,2025-12-30
9,Jakub Kiwior,Kiwior,Arsenal,5.4,0.0,0,21,0.0,0,u,2025-12-30
10,Myles Lewis-Skelly,Lewis-Skelly,Arsenal,5.1,1.6,1655,5261,0.5,265,a,2025-12-30
11,Benjamin White,White,Arsenal,5.1,0.7,27,20885,2.7,280,i,2025-12-30
13,Brayden Clarke,Clarke,Arsenal,3.8,0.5,670,1113,0.0,0,a,2025-12-30
14,Maldini Kacurri,Kacurri,Arsenal,3.9,0.1,0,74,0.0,0,u,2025-12-30
15,Josh Nichols,Nichols,Arsenal,3.8,0.2,137,287,0.0,0,a,2025-12-30
16,Bukayo Saka,Saka,Arsenal,10.3,21.3,45029,82912,6.0,1238,a,2025-12-30
17,Martin Ødegaard,Ødegaard,Arsenal,7.8,1.8,14406,2765,3.3,624,a,2025-12-30
18,Noni Madueke,Madueke,Arsenal,6.8,0.7,826,4837,0.8,420,a,2025-12-30
19,Gabriel Martinelli Silva,Martinelli,Arsenal,6.8,0.9,922,2674,1.2,408,a,2025-12-30
20,Leandro Trossard,Trossard,Arsenal,6.9,1.0,5748,9811,2.0,952,a,2025-12-30
21,Declan Rice,Rice,Arsenal,7.2,26.2,116727,42848,5.2,1515,a,2025-12-30
22,Mikel Merino Zazón,Merino,Arsenal,5.8,2.8,7102,43033,4.5,849,a,2025-12-30
23,Fábio Ferreira Vieira,Fábio Vieira,Arsenal,5.4,0.0,0,4,0.0,0,u,2025-12-30
24,Christian Nørgaard,Nørgaard,Arsenal,5.1,0.1,146,182,0.0,14,a,2025-12-30
25,Ethan Nwaneri,Nwaneri,Arsenal,5.1,0.1,90,203,0.0,165,a,2025-12-30
26,Martín Zubimendi Ibáñez,Zubimendi,Arsenal,5.2,2.2,2659,8544,1.8,1500,a,2025-12-30
28,Ismeal Kabia,Kabia,Arsenal,4.5,0.1,0,63,0.0,0,u,2025-12-30
29,Albert Sambi Lokonga,Sambi,Arsenal,4.5,0.1,0,18,0.0,0,u,2025-12-30
30,Kai Havertz,Havertz,Arsenal,7.3,0.3,99,123,0.0,30,d,2025-12-30
31,Gabriel Fernando de Jesus,G.Jesus,Arsenal,6.4,0.2,1215,2543,0.5,53,a,2025-12-30
266,Eberechi Eze,Eze,Arsenal,7.5,12.7,5670,182946,0.8,991,a,2025-12-30
662,Cristhian Mosquera,Mosquera,Arsenal,5.4,0.1,12,250,0.3,429,i,2025-12-30
666,Viktor Gyökeres,Gyökeres,Arsenal,8.8,9.9,3859,25751,1.8,1085,a,2025-12-30
700,Max Dowman,Dowman,Arsenal,4.3,0.4,875,1965,0.0,27,i,2025-12-30
711,Andre Harriman-Annous,Harriman-Annous,Arsenal,4.5,0.0,19,34,0.0,0,a,2025-12-30
725,Piero Hincapié,Hincapie,Arsenal,5.5,2.3,5809,31923,4.5,653,a,2025-12-30
759,Marli Salmon,Salmon,Arsenal,4.0,0.0,53,76,0.0,0,a,2025-12-30
32,Emiliano Martínez Romero,Martinez,Aston Villa,5.0,3.1,8233,8247,2.7,1260,a,2025-12-30
33,Marco Bizot,M.Bizot,Aston Villa,4.2,0.4,110,730,0.3,360,a,2025-12-30
34,Joe Gauci,Gauci,Aston Villa,4.0,0.1,0,135,0.0,0,u,2025-12-30
35,Filip Marschall,Marschall,Aston Villa,4.0,0.0,0,9,0.0,0,u,2025-12-30
36,Matty Cash,Cash,Aston Villa,4.9,10.6,8526,263285,3.7,1592,s,2025-12-30
37,Lucas Digne,Digne,Aston Villa,4.5,1.6,3154,8624,1.8,1009,a,2025-12-30
38,Ezri Konsa Ngoyo,Konsa,Aston Villa,4.4,7.4,11216,18716,3.0,1505,a,2025-12-30
39,Ian Maatsen,Maatsen,Aston Villa,4.2,0.5,2264,1325,1.3,603,a,2025-12-30
40,Tyrone Mings,Mings,Aston Villa,4.3,0.6,35,792,0.0,497,d,2025-12-30
41,Pau Torres,Pau,Aston Villa,4.3,0.3,38,3744,1.7,952,d,2025-12-30
42,Andrés García,A.García,Aston Villa,3.9,0.2,254,510,0.0,0,a,2025-12-30
43,Álex Moreno Lopera,Alex Moreno,Aston Villa,4.0,1.8,0,2535,0.0,0,u,2025-12-30
44,Lamare Bogarde,Bogarde,Aston Villa,4.0,0.5,798,1476,0.7,327,a,2025-12-30
45,Lino da Cruz Sousa,Sousa,Aston Villa,3.9,0.3,160,355,0.0,0,a,2025-12-30
46,Yasin Özcan,Yasin,Aston Villa,4.0,0.1,0,95,0.0,0,u,2025-12-30
47,Morgan Rogers,Rogers,Aston Villa,7.4,22.8,238532,60269,7.0,1606,a,2025-12-30
48,Youri Tielemans,Tielemans,Aston Villa,5.9,0.8,6241,2209,3.5,871,a,2025-12-30
49,Leon Bailey,Bailey,Aston Villa,5.5,0.1,0,37,0.0,0,u,2025-12-30
50,Emiliano Buendía Stati,Buendía,Aston Villa,5.3,0.4,1418,4007,2.2,619,a,2025-12-30
51,Samuel Iling-Junior,Iling Jr,Aston Villa,5.5,0.0,0,4,0.0,0,u,2025-12-30
53,Donyell Malen,Malen,Aston Villa,5.1,0.8,1466,5630,2.2,587,a,2025-12-30
54,John McGinn,McGinn,Aston Villa,5.4,0.7,3454,4281,3.3,1375,a,2025-12-30
55,Ross Barkley,Barkley,Aston Villa,4.8,0.0,9,73,0.2,114,i,2025-12-30
56,Enzo Barrenechea,Barrenechea,Aston Villa,5.0,0.0,0,0,0.0,0,u,2025-12-30
57,Lewis Dobbin,Dobbin,Aston Villa,5.0,0.0,0,11,0.0,0,u,2025-12-30
58,Boubacar Kamara,Kamara,Aston Villa,4.9,0.5,1539,12935,4.5,1239,s,2025-12-30
59,Amadou Onana,Onana,Aston Villa,4.8,0.8,3893,3211,3.5,841,a,2025-12-30
60,Ben Broggio,Broggio,Aston Villa,4.5,0.3,407,638,0.0,0,a,2025-12-30
61,Leander Dendoncker,Dendoncker,Aston Villa,4.5,0.1,0,71,0.0,0,u,2025-12-30
62,Jamaldeen Jimoh-Aloba,Jimoh-Aloba,Aston Villa,4.5,0.1,85,116,0.0,0,a,2025-12-30
63,Kadan Young,Young,Aston Villa,4.3,0.7,2201,2100,0.0,0,a,2025-12-30
64,Ollie Watkins,Watkins,Aston Villa,8.5,7.4,40262,13643,6.3,1299,a,2025-12-30
65,Zépiqueno Redmond,Redmond,Aston Villa,4.5,0.3,0,244,0.0,0,u,2025-12-30
389,Harvey Elliott,Elliott,Aston Villa,5.2,0.2,21,437,0.0,97,d,2025-12-30
456,Jadon Sancho,Sancho,Aston Villa,5.8,0.2,562,298,0.5,157,a,2025-12-30
677,Evann Guessand,Guessand,Aston Villa,6.2,0.0,3,162,1.5,511,n,2025-12-30
688,James Wright,Wright,Aston Villa,3.9,0.6,797,1096,0.0,0,a,2025-12-30
701,Triston Rowe,Rowe,Aston Villa,4.0,0.1,0,51,0.0,0,u,2025-12-30
702,Bradley Burrowes,Burrowes,Aston Villa,4.4,0.1,55,89,0.0,16,a,2025-12-30
703,Sam Proctor,Proctor,Aston Villa,3.9,0.6,4253,1967,0.0,0,a,2025-12-30
710,Travis Patterson,Patterson,Aston Villa,3.9,0.2,76,444,0.0,0,a,2025-12-30
719,Victor Lindelöf,Lindelöf,Aston Villa,4.5,0.1,923,259,1.5,295,a,2025-12-30
754,George Hemmings,George Hemmings,Aston Villa,4.5,0.0,27,21,0.0,0,a,2025-12-30
757,Ronnie Hollingshead,Hollingshead,Aston Villa,4.0,0.0,43,35,0.0,0,a,2025-12-30
768,Leon Routh,Leon Routh,Aston Villa,4.0,0.0,44,26,0.0,0,a,2025-12-30
183,Max Weiß,Weiss,Burnley,4.3,0.1,119,202,0.0,0,a,2025-12-30
184,Etienne Green,Green,Burnley,4.0,0.2,0,245,0.0,0,u,2025-12-30
185,Václav Hladký,Hladký,Burnley,3.9,0.2,176,475,0.0,0,a,2025-12-30
186,Connor Roberts,Roberts,Burnley,4.4,0.0,12,21,0.0,0,i,2025-12-30
187,Kyle Walker,Walker,Burnley,4.4,1.2,2415,1686,2.0,1516,a,2025-12-30
188,Hannes Delcroix,Delcroix,Burnley,3.8,0.3,377,968,0.0,0,a,2025-12-30
189,Owen Dodgson,Dodgson,Burnley,4.0,0.0,0,10,0.0,0,u,2025-12-30
190,Hjalmar Ekdal,Ekdal,Burnley,3.9,0.9,4755,1682,3.8,983,a,2025-12-30
191,Maxime Estève,Estève,Burnley,3.9,10.0,2145,67990,1.6,1432,d,2025-12-30
192,Quilindschy Hartman,Hartman,Burnley,4.0,0.9,1807,6805,1.2,1337,a,2025-12-30
193,Bashir Humphreys,Humphreys,Burnley,3.9,0.1,257,73,1.6,92,a,2025-12-30
194,Jordan Beyer,Jordan,Burnley,3.9,0.1,13,62,0.0,0,i,2025-12-30
195,Lucas Pires Silva,Lucas Pires,Burnley,3.8,0.2,810,543,1.0,231,a,2025-12-30
196,Shurandy Sambo,Sambo,Burnley,4.0,0.0,0,24,0.0,0,u,2025-12-30
197,Oliver Sonne,Sonne,Burnley,3.8,0.3,1039,1571,1.6,128,a,2025-12-30
198,Axel Tuanzebe,Tuanzebe,Burnley,3.9,1.1,29,4786,0.2,706,n,2025-12-30
199,Joe Worrall,Worrall,Burnley,3.8,0.2,63,747,0.6,154,d,2025-12-30
200,Jaidon Anthony,Anthony,Burnley,5.2,2.2,884,9863,1.2,1139,a,2025-12-30
201,Manuel Benson Hedilazio,Benson,Burnley,5.4,0.0,0,6,0.0,0,u,2025-12-30
202,Jacob Bruun Larsen,Bruun Larsen,Burnley,5.3,0.0,226,128,2.2,783,a,2025-12-30
203,Enock Agyei,Boateng,Burnley,4.7,0.0,114,127,0.0,0,a,2025-12-30
204,Darko Churlinov,Churlinov,Burnley,4.9,0.0,0,4,0.0,0,u,2025-12-30
205,Josh Cullen,Cullen,Burnley,5.0,1.7,729,20604,2.6,1513,d,2025-12-30
206,Marcus Edwards,Edwards,Burnley,4.7,0.1,360,195,2.0,183,a,2025-12-30
207,Hannibal Mejbri,Hannibal,Burnley,4.7,0.1,23,138,0.2,395,n,2025-12-30
208,Luca Koleosho,Koleosho,Burnley,5.0,0.0,0,1,0.0,0,u,2025-12-30
209,Josh Laurent,Laurent,Burnley,4.8,0.0,119,52,1.8,783,a,2025-12-30
210,Loum Tchaouna,Tchaouna,Burnley,4.9,0.0,27,94,0.4,653,a,2025-12-30
211,Aaron Ramsey,A.Ramsey,Burnley,4.4,1.6,0,1911,0.0,0,u,2025-12-30
212,Oluwaseun Adewumi,Adewumi,Burnley,4.5,0.0,0,6,0.0,0,u,2025-12-30
213,Jaydon Banel,Banel,Burnley,4.5,0.0,109,148,0.0,0,a,2025-12-30
214,Mike Trésor Ndayishimiye,Trésor,Burnley,4.4,0.1,202,414,0.6,17,a,2025-12-30
215,Zian Flemming,Flemming,Burnley,5.3,0.6,1877,7258,1.8,660,a,2025-12-30
216,Zeki Amdouni,Amdouni,Burnley,4.8,0.0,25,45,0.0,0,i,2025-12-30
217,Lyle Foster,Foster,Burnley,4.9,0.9,95,4276,1.0,866,n,2025-12-30
218,Ashley Barnes,Barnes,Burnley,4.3,1.2,1469,3503,0.0,7,a,2025-12-30
219,Michael Obafemi,Obafemi,Burnley,4.4,0.1,0,113,0.0,0,u,2025-12-30
470,Martin Dúbravka,Dúbravka,Burnley,4.0,33.2,24765,16117,3.8,1620,a,2025-12-30
676,Lesley Ugochukwu,Ugochukwu,Burnley,5.0,0.1,793,801,3.4,1051,a,2025-12-30
680,Armando Broja,Broja,Burnley,5.2,0.2,1551,1164,2.8,398,a,2025-12-30
722,Florentino Ibrain Morris Luís,Florentino,Burnley,5.0,0.0,81,186,1.4,1046,a,2025-12-30
66,Norberto Murara Neto,Neto,Bournemouth,4.5,0.1,0,62,0.0,0,u,2025-12-30
67,Đorđe Petrović,Petrović,Bournemouth,4.5,5.1,1055,25432,2.2,1620,a,2025-12-30
68,Will Dennis,Dennis,Bournemouth,4.0,0.9,235,1172,0.0,0,a,2025-12-30
69,Callan McKenna,McKenna,Bournemouth,3.9,0.2,919,361,0.0,0,a,2025-12-30
70,Alex Paulsen,Paulsen,Bournemouth,4.0,0.1,0,76,0.0,0,u,2025-12-30
71,Illia Zabarnyi,Zabarnyi,Bournemouth,5.0,0.0,0,6,0.0,0,u,2025-12-30
72,Marcos Senesi Barón,Senesi,Bournemouth,4.9,15.7,16663,98086,3.0,1488,a,2025-12-30
73,Adam Smith,Smith,Bournemouth,4.4,0.2,209,663,1.6,521,a,2025-12-30
74,Adrien Truffert,Truffert,Bournemouth,4.5,2.1,1847,21519,3.2,1578,a,2025-12-30
75,Matai Akinmboni,Akinmboni,Bournemouth,3.8,0.2,102,323,0.0,0,d,2025-12-30
76,Owen Bevan,Bevan,Bournemouth,3.9,0.2,89,233,0.0,0,a,2025-12-30
77,James Hill,Hill,Bournemouth,3.9,0.6,304,1755,0.4,302,a,2025-12-30
78,Julián Araujo Zúñiga,J.Araujo,Bournemouth,3.8,0.7,818,1812,0.0,0,a,2025-12-30
79,Chris Mepham,Mepham,Bournemouth,4.0,0.1,0,60,0.0,0,u,2025-12-30
80,Julio Soler Barreto,Soler,Bournemouth,4.0,0.2,379,451,0.4,34,a,2025-12-30
81,Justin Kluivert,Kluivert,Bournemouth,7.0,0.8,1306,5643,2.0,751,a,2025-12-30
82,Antoine Semenyo,Semenyo,Bournemouth,7.7,46.5,110741,124788,6.4,1530,a,2025-12-30
84,Marcus Tavernier,Tavernier,Bournemouth,5.6,2.9,7173,36136,4.2,1426,a,2025-12-30
85,Tyler Adams,Adams,Bournemouth,5.0,0.3,16,1750,0.4,1196,i,2025-12-30
86,David Brooks,Brooks,Bournemouth,5.0,0.2,312,520,1.0,763,a,2025-12-30
87,Ryan Christie,Christie,Bournemouth,4.9,0.1,136,101,0.2,287,a,2025-12-30
88,Lewis Cook,Cook,Bournemouth,4.9,0.0,189,133,1.6,394,a,2025-12-30
89,Philip Billing,Philip,Bournemouth,4.9,0.0,0,9,0.0,0,u,2025-12-30
90,Alex Scott,Scott,Bournemouth,5.0,0.3,647,1099,3.4,1155,d,2025-12-30
91,Luis Sinisterra Lucumí,Sinisterra,Bournemouth,5.0,0.0,0,1,0.0,0,u,2025-12-30
92,Romain Faivre,Faivre,Bournemouth,4.5,0.1,0,56,0.0,0,u,2025-12-30
93,Hamed Traorè,H.Traorè,Bournemouth,4.5,0.3,0,274,0.0,16,u,2025-12-30
94,Dominic Sadi,Sadi,Bournemouth,4.5,0.0,0,23,0.0,0,u,2025-12-30
95,Zain Silcott-Duberry,Silcott-Duberry,Bournemouth,4.4,0.1,0,76,0.0,0,u,2025-12-30
96,Ben Winterburn,Winterburn,Bournemouth,4.5,0.0,0,22,0.0,6,u,2025-12-30
97,Francisco Evanilson de Lima Barbosa,Evanilson,Bournemouth,7.0,1.6,1484,18380,2.4,1189,a,2025-12-30
98,Enes Ünal,Enes Ünal,Bournemouth,5.4,0.0,193,391,0.4,61,a,2025-12-30
99,Daniel Adu-Adjei,Adu-Adjei,Bournemouth,4.4,0.1,0,129,0.0,0,u,2025-12-30
100,Junior Kroupi,Kroupi.Jr,Bournemouth,4.6,4.0,11720,24738,1.8,489,a,2025-12-30
391,Ben Gannon-Doak,Gannon-Doak,Bournemouth,4.8,0.0,8,48,0.0,53,i,2025-12-30
685,Bafodé Diakité,Diakité,Bournemouth,4.4,0.4,286,2422,2.4,1260,a,2025-12-30
687,Remy Rees-Dottin,Rees-Dottin,Bournemouth,4.4,0.1,52,209,0.0,0,a,2025-12-30
697,Amine Adli,Adli,Bournemouth,5.4,0.0,81,170,0.8,391,a,2025-12-30
713,Álex Jiménez Sánchez,A.Jimenez,Bournemouth,4.5,0.1,314,906,3.6,887,a,2025-12-30
721,Veljko Milosavljevic,Milosavljević,Bournemouth,4.4,0.0,10,51,0.8,365,i,2025-12-30
756,Malcom DaCosta,DaCosta,Bournemouth,4.5,0.0,56,68,0.0,0,a,2025-12-30
27,Reiss Nelson,Nelson,Brentford,4.8,0.1,110,93,0.2,32,a,2025-12-30
83,Dango Ouattara,O.Dango,Brentford,5.9,0.5,22,9474,1.6,1061,n,2025-12-30
101,Caoimhín Kelleher,Kelleher,Brentford,4.5,8.4,20802,12007,4.8,1620,a,2025-12-30
102,Ellery Balcombe,Balcombe,Brentford,3.9,0.3,321,365,0.0,0,a,2025-12-30
103,Matthew Cox,Cox,Brentford,3.9,0.2,158,352,0.0,0,a,2025-12-30
104,Julian Eyestone,Eyestone,Brentford,3.9,0.1,55,313,0.0,0,a,2025-12-30
105,Hákon Rafn Valdimarsson,Valdimarsson,Brentford,3.9,0.7,263,1214,0.0,0,a,2025-12-30
106,Nathan Collins,Collins,Brentford,4.9,1.5,4255,6235,4.0,1546,a,2025-12-30
107,Keane Lewis-Potter,Lewis-Potter,Brentford,4.9,1.9,43082,9645,6.2,728,a,2025-12-30
108,Kristoffer Ajer,Ajer,Brentford,4.4,0.2,318,313,1.0,701,a,2025-12-30
109,Rico Henry,Henry,Brentford,4.3,0.1,461,385,2.8,518,a,2025-12-30
110,Michael Kayode,Kayode,Brentford,4.5,0.7,2425,3144,2.8,1567,a,2025-12-30
111,Ethan Pinnock,Pinnock,Brentford,4.2,0.1,207,409,0.8,228,a,2025-12-30
112,Mads Roerslev Rasmussen,Roerslev,Brentford,4.5,0.0,0,9,0.0,0,u,2025-12-30
113,Sepp van den Berg,Van den Berg,Brentford,4.5,1.1,661,16342,2.6,1530,d,2025-12-30
114,Benjamin Arthur,Arthur,Brentford,3.9,0.2,100,344,0.0,0,a,2025-12-30
115,Benjamin Fredrick,Fredrick,Brentford,4.0,0.1,0,63,0.0,0,u,2025-12-30
116,Aaron Hickey,Hickey,Brentford,4.0,0.5,1298,2728,1.6,423,a,2025-12-30
117,Kim Ji-soo,Ji-soo,Brentford,3.9,0.1,0,94,0.0,0,u,2025-12-30
118,Jayden Meghoma,Meghoma,Brentford,4.0,0.0,0,35,0.0,0,u,2025-12-30
120,Kevin Schade,Schade,Brentford,7.0,1.6,81837,5999,5.0,1413,a,2025-12-30
121,Mikkel Damsgaard,Damsgaard,Brentford,5.8,0.6,1372,3321,2.4,1041,a,2025-12-30
122,Antoni Milambo,Milambo,Brentford,5.2,0.0,4,20,0.0,45,i,2025-12-30
123,Fábio Freitas Gouveia Carvalho,Carvalho,Brentford,4.7,0.1,11,268,0.0,100,i,2025-12-30
124,Jordan Henderson,Henderson,Brentford,5.0,0.5,2095,3771,3.0,1219,a,2025-12-30
125,Vitaly Janelt,Janelt,Brentford,4.9,0.0,560,302,3.8,488,a,2025-12-30
126,Mathias Jensen,Jensen,Brentford,4.9,0.1,236,342,2.0,616,a,2025-12-30
127,Gustavo Nunes Fernandes Gomes,Nunes,Brentford,4.9,0.0,57,56,0.0,0,a,2025-12-30
128,Frank Onyeka,Onyeka,Brentford,4.8,0.0,3,77,0.0,88,n,2025-12-30
129,Yehor Yarmoliuk,Yarmoliuk,Brentford,5.0,0.1,389,241,2.6,1305,a,2025-12-30
130,Romelle Donovan,Donovan,Brentford,4.4,0.1,172,266,0.0,0,a,2025-12-30
131,Yunus Emre Konak,Konak,Brentford,4.3,0.2,531,1013,0.0,0,a,2025-12-30
132,Paris Maghoma,Maghoma,Brentford,4.5,0.0,193,155,0.0,0,a,2025-12-30
133,Myles Peart-Harris,Peart-Harris,Brentford,4.4,0.0,64,104,0.0,0,a,2025-12-30
134,Ryan Trevitt,Trevitt,Brentford,4.5,0.0,0,0,0.0,0,u,2025-12-30
136,Igor Thiago Nascimento Rodrigues,Thiago,Brentford,7.0,28.2,44916,176312,2.4,1491,a,2025-12-30
137,Iwan Morgan,Morgan,Brentford,4.4,0.4,645,1188,0.0,0,a,2025-12-30
748,Josh Dasilva,Dasilva,Brentford,4.9,0.0,3,5,0.0,0,i,2025-12-30
138,Jason Steele,Steele,Brighton,4.2,0.3,137,376,0.0,0,a,2025-12-30
139,Bart Verbruggen,Verbruggen,Brighton,4.4,5.6,28923,7364,4.0,1620,a,2025-12-30
140,Tom McGill,McGill,Brighton,3.9,0.3,229,494,0.0,0,a,2025-12-30
141,Carl Rushworth,Rushworth,Brighton,4.0,0.0,0,3,0.0,0,u,2025-12-30
142,Kjell Scherpen,Scherpen,Brighton,4.0,0.0,0,1,0.0,0,u,2025-12-30
143,Olivier Boscagli,Boscagli,Brighton,4.2,0.1,118,187,1.5,142,a,2025-12-30
144,Diego Coppola,Coppola,Brighton,4.2,0.1,129,94,1.2,193,a,2025-12-30
145,Maxim De Cuyper,De Cuyper,Brighton,4.3,2.5,16123,7010,5.0,808,a,2025-12-30
146,Lewis Dunk,Dunk,Brighton,4.5,0.9,3692,1684,1.2,1485,a,2025-12-30
147,Pervis Estupiñán Tenorio,Estupiñan,Brighton,4.5,0.0,0,5,0.0,0,u,2025-12-30
148,Ferdi Kadıoğlu,F.Kadıoğlu,Brighton,4.4,0.3,2275,865,2.8,1332,a,2025-12-30
150,Tariq Lamptey,Lamptey,Brighton,4.4,0.1,0,69,0.0,0,u,2025-12-30
151,Jan Paul van Hecke,Van Hecke,Brighton,4.5,4.1,36545,15705,4.5,1530,a,2025-12-30
152,Joël Veltman,Veltman,Brighton,4.3,0.1,200,228,0.5,403,a,2025-12-30
153,Adam Webster,Webster,Brighton,4.4,0.0,11,10,0.0,0,i,2025-12-30
154,Eiran Cashin,Cashin,Brighton,4.0,0.0,0,2,0.0,0,u,2025-12-30
155,Jacob Slater,Slater,Brighton,4.0,0.1,0,73,0.0,0,u,2025-12-30
156,Charlie Tasker,Tasker,Brighton,3.9,0.1,84,268,0.0,0,a,2025-12-30
157,Mitoma Kaoru,Mitoma,Brighton,6.1,1.8,1528,3671,0.3,560,a,2025-12-30
158,Georginio Rutter,Georginio,Brighton,5.6,0.4,4369,1650,2.8,1172,a,2025-12-30
159,Solly March,March,Brighton,5.8,0.0,5,14,0.0,0,i,2025-12-30
160,Yankuba Minteh,Minteh,Brighton,6.0,6.3,37699,41894,2.3,1486,a,2025-12-30
161,Julio Enciso Espínola,Enciso,Brighton,5.4,0.0,0,5,0.0,0,u,2025-12-30
162,Brajan Gruda,Gruda,Brighton,5.4,0.1,274,171,1.5,512,a,2025-12-30
163,Jack Hinshelwood,Hinshelwood,Brighton,5.1,0.1,388,243,2.8,482,a,2025-12-30
164,Matt O'Riley,O'Riley,Brighton,5.5,0.3,0,129,0.0,177,u,2025-12-30
165,Abdallah Sima,Sima,Brighton,5.4,0.0,0,2,0.0,0,u,2025-12-30
166,Yasin Ayari,Ayari,Brighton,4.8,0.2,1709,531,2.0,1257,a,2025-12-30
167,Carlos Baleba,Baleba,Brighton,4.6,1.4,122,4268,1.3,894,n,2025-12-30
169,Diego Gómez Amarilla,Gomez,Brighton,4.9,0.2,4969,503,2.7,1042,a,2025-12-30
170,James Milner,Milner,Brighton,4.9,0.1,170,203,0.3,209,a,2025-12-30
171,Jeremy Sarmiento Morante,Sarmiento,Brighton,4.9,0.0,0,8,0.0,0,u,2025-12-30
172,Tom Watson,Watson,Brighton,4.8,0.0,50,56,0.3,47,a,2025-12-30
173,Mats Wieffer,Wieffer,Brighton,4.9,0.3,1372,2336,3.0,1179,a,2025-12-30
174,Malick Yalcouyé,Yalcouye,Brighton,5.0,0.0,0,1,0.0,0,u,2025-12-30
175,Joe Knight,Knight,Brighton,4.4,0.1,119,360,0.0,1,a,2025-12-30
176,Adrian Mazilu,Mazilu,Brighton,4.5,0.0,0,10,0.0,0,u,2025-12-30
177,Andrew Moran,Moran,Brighton,4.5,0.0,0,8,0.0,0,u,2025-12-30
178,Danny Welbeck,Welbeck,Brighton,6.3,4.7,10504,42560,1.2,999,a,2025-12-30
179,Evan Ferguson,Ferguson,Brighton,5.5,0.0,0,1,0.0,0,u,2025-12-30
180,Stefanos Tzimas,Tzimas,Brighton,5.2,0.1,17,172,1.0,132,i,2025-12-30
181,Charalampos Kostoulas,Kostoulas,Brighton,4.8,0.3,623,1155,0.8,90,a,2025-12-30
744,Nehemiah Oriola,Oriola,Brighton,4.5,0.0,60,84,0.0,1,a,2025-12-30
761,Freddie Simmonds,Simmonds,Brighton,4.0,0.0,50,44,0.0,0,a,2025-12-30
168,Facundo Buonanotte,Buonanotte,Chelsea,4.6,0.1,200,227,0.0,45,a,2025-12-30
220,Robert Lynch Sánchez,Sánchez,Chelsea,4.9,14.9,23832,19725,4.5,1534,a,2025-12-30
221,Filip Jörgensen,Jörgensen,Chelsea,4.3,0.2,104,216,0.0,84,a,2025-12-30
222,Mike Penders,Penders,Chelsea,4.0,0.0,0,0,0.0,0,u,2025-12-30
223,Gabriel Słonina,Slonina,Chelsea,3.9,0.1,120,172,0.0,0,a,2025-12-30
224,Marc Cucurella Saseta,Cucurella,Chelsea,6.2,20.8,9749,135001,2.8,1504,d,2025-12-30
225,Reece James,James,Chelsea,5.7,11.2,136063,9214,5.5,1201,a,2025-12-30
226,Trevoh Chalobah,Chalobah,Chelsea,5.6,19.4,80009,57194,5.5,1470,a,2025-12-30
227,Levi Samuels Colwill,Colwill,Chelsea,4.8,0.1,13,42,0.0,0,i,2025-12-30
228,Malo Gusto,Gusto,Chelsea,5.0,2.6,11495,17449,4.7,961,a,2025-12-30
229,Benoît Badiashile Mukinayi,B.Badiashile,Chelsea,4.4,0.0,157,57,0.2,245,a,2025-12-30
230,Wesley Fofana,Fofana,Chelsea,4.4,0.5,2138,4074,3.8,667,a,2025-12-30
231,Mamadou Sarr,M.Sarr,Chelsea,4.5,0.0,0,3,0.0,0,u,2025-12-30
232,Tosin Adarabioyo,Tosin,Chelsea,4.1,0.3,308,1303,0.5,557,a,2025-12-30
233,Josh Acheampong,Acheampong,Chelsea,3.8,1.3,1661,6046,0.0,348,a,2025-12-30
234,Aarón Anselmino,Anselmino,Chelsea,4.0,0.1,0,21,0.0,0,u,2025-12-30
235,Cole Palmer,Palmer,Chelsea,10.4,12.1,35444,18766,2.5,437,a,2025-12-30
236,Pedro Lomba Neto,Neto,Chelsea,7.3,8.7,21740,55096,3.3,1414,a,2025-12-30
237,Enzo Fernández,Enzo,Chelsea,6.4,9.3,10525,51521,2.0,1456,a,2025-12-30
238,Estêvão Almeida de Oliveira Gonçalves,Estêvão,Chelsea,6.4,1.9,3518,6404,0.7,467,a,2025-12-30
239,Jamie Bynoe-Gittens,Gittens,Chelsea,6.0,0.1,201,273,1.2,444,a,2025-12-30
240,Christopher Nkunku,Nkunku,Chelsea,5.9,0.1,0,20,0.0,0,u,2025-12-30
241,Moisés Caicedo Corozo,Caicedo,Chelsea,5.7,8.8,10701,18670,0.7,1162,a,2025-12-30
243,Tyrique George,George,Chelsea,4.8,0.1,59,107,0.0,142,a,2025-12-30
244,Roméo Lavia,Lavia,Chelsea,4.9,0.0,4,17,0.0,105,i,2025-12-30
245,Mykhailo Mudryk,Mudryk,Chelsea,4.9,0.0,18,17,0.0,0,s,2025-12-30
246,Andrey Nascimento dos Santos,Andrey Santos,Chelsea,4.5,0.3,504,1100,0.5,436,a,2025-12-30
247,Dário Luís Essugo,D.Essugo,Chelsea,4.3,0.1,38,102,0.0,0,i,2025-12-30
248,Kendry Páez Andrade,Paez,Chelsea,4.5,0.0,0,0,0.0,0,u,2025-12-30
249,João Pedro Junqueira de Jesus,João Pedro,Chelsea,7.2,28.8,34178,40139,3.3,1418,a,2025-12-30
250,Liam Delap,Delap,Chelsea,6.2,0.9,602,638,0.7,367,a,2025-12-30
251,Nicolas Jackson,N.Jackson,Chelsea,6.5,0.1,0,25,0.0,0,u,2025-12-30
252,Marc Guiu Paz,Marc Guiu,Chelsea,4.3,7.4,7261,27341,0.2,247,a,2025-12-30
453,Alejandro Garnacho Ferreyra,Garnacho,Chelsea,6.4,0.6,2995,3154,1.8,714,a,2025-12-30
672,Jorrel Hato,Hato,Chelsea,4.6,0.2,162,221,0.0,166,d,2025-12-30
743,Landon Emenalo,Emenalo,Chelsea,4.5,0.0,19,33,0.0,0,a,2025-12-30
253,Dean Henderson,Henderson,Crystal Palace,5.1,8.5,6295,15351,2.7,1620,a,2025-12-30
254,Walter Benítez,Benitez,Crystal Palace,4.0,0.3,277,347,0.0,0,a,2025-12-30
255,Remi Matthews,Matthews,Crystal Palace,3.9,0.1,80,113,0.0,0,a,2025-12-30
256,Daniel Muñoz Mejía,Muñoz,Crystal Palace,5.8,7.4,815,77770,2.5,1260,i,2025-12-30
257,Maxence Lacroix,Lacroix,Crystal Palace,5.2,6.7,15813,30308,3.0,1620,a,2025-12-30
258,Tyrick Mitchell,Mitchell,Crystal Palace,5.0,2.4,5278,8145,2.0,1614,a,2025-12-30
259,Borna Sosa,Sosa,Crystal Palace,4.8,0.1,245,172,0.2,26,a,2025-12-30
260,Marc Guéhi,Guéhi,Crystal Palace,5.3,41.5,78657,51209,4.3,1530,a,2025-12-30
261,Chris Richards,Richards,Crystal Palace,4.5,3.0,540,70182,2.8,1522,d,2025-12-30
262,Chadi Riad Dnanou,Chadi Riad,Crystal Palace,4.0,0.0,10,34,0.0,0,d,2025-12-30
263,Nathaniel Clyne,Clyne,Crystal Palace,3.8,0.8,1942,2971,0.8,277,a,2025-12-30
264,Rob Holding,Holding,Crystal Palace,4.0,0.0,0,8,0.0,0,u,2025-12-30
265,Caleb Kporha,Kporha,Crystal Palace,4.0,0.0,13,12,0.0,0,i,2025-12-30
267,Ismaïla Sarr,Sarr,Crystal Palace,6.4,2.2,63,7332,0.5,1009,n,2025-12-30
268,Cheick Doucouré,Doucouré,Crystal Palace,4.9,0.0,4,5,0.0,0,i,2025-12-30
269,Romain Esse,Esse,Crystal Palace,4.7,0.1,141,189,0.2,29,a,2025-12-30
270,Will Hughes,Hughes,Crystal Palace,4.7,0.1,424,309,0.8,631,a,2025-12-30
271,Daichi Kamada,Kamada,Crystal Palace,5.0,0.1,10,662,1.7,1166,i,2025-12-30
272,Jefferson Lerma Solís,Lerma,Crystal Palace,4.9,0.1,167,164,1.3,624,a,2025-12-30
273,Adam Wharton,Wharton,Crystal Palace,5.0,0.9,5670,4696,4.2,1298,a,2025-12-30
274,Asher Agbinone,Agbinone,Crystal Palace,4.3,0.1,113,116,0.0,0,a,2025-12-30
275,Naouirou Ahamada,Ahamada,Crystal Palace,4.3,0.0,92,98,0.0,0,a,2025-12-30
276,Justin Devenny,Devenny,Crystal Palace,4.3,1.5,8880,3943,1.8,295,a,2025-12-30
277,Malcolm Ebiowei,Ebiowei,Crystal Palace,4.5,0.0,0,2,0.0,0,u,2025-12-30
278,Jesurun Rak-Sakyi,J.Rak-Sakyi,Crystal Palace,4.4,0.0,0,29,0.0,0,u,2025-12-30
279,Matheus França de Oliveira,M.França,Crystal Palace,4.5,0.0,0,3,0.0,0,u,2025-12-30
280,David Ozoh,Ozoh,Crystal Palace,4.5,0.0,0,0,0.0,0,u,2025-12-30
281,Kaden Rodney,Rodney,Crystal Palace,4.4,0.0,91,96,0.0,0,a,2025-12-30
282,Franco Umeh-Chibueze,Umeh,Crystal Palace,4.5,0.0,0,10,0.0,0,u,2025-12-30
283,Jean-Philippe Mateta,Mateta,Crystal Palace,7.7,12.4,9944,85704,2.7,1464,a,2025-12-30
284,Eddie Nketiah,Nketiah,Crystal Palace,5.4,0.6,1513,5061,2.3,414,a,2025-12-30
285,Odsonne Édouard,Édouard,Crystal Palace,5.0,0.2,0,119,0.0,2,u,2025-12-30
286,Zach Marsh,Marsh,Crystal Palace,4.5,0.3,490,814,0.0,0,a,2025-12-30
690,Rio Cardines,Cardines,Crystal Palace,4.4,0.3,8,669,0.0,0,i,2025-12-30
712,Yéremy Pino Santos,Yeremy,Crystal Palace,5.8,0.3,1753,3054,3.0,1090,a,2025-12-30
723,Jaydee Canvot,Canvot,Crystal Palace,4.5,0.0,57,58,0.3,113,a,2025-12-30
732,Christantus Uche,Uche,Crystal Palace,5.5,0.0,323,264,1.3,83,a,2025-12-30
762,Joél Drakes-Thomas,Drakes-Thomas,Crystal Palace,4.5,0.0,43,20,0.5,4,a,2025-12-30
773,Dean Benamar,Benamar,Crystal Palace,4.0,0.0,32,2,0.0,0,a,2025-12-30
242,Kiernan Dewsbury-Hall,Dewsbury-Hall,Everton,5.0,4.4,1702,88765,4.0,1257,d,2025-12-30
287,Jordan Pickford,Pickford,Everton,5.5,11.1,31446,14499,4.6,1620,a,2025-12-30
288,Mark Travers,Travers,Everton,4.3,0.1,61,123,0.0,0,a,2025-12-30
289,Harry Tyrer,Tyrer,Everton,3.9,0.1,66,148,0.0,0,a,2025-12-30
290,Jarrad Branthwaite,Branthwaite,Everton,5.3,0.1,43,112,0.0,0,d,2025-12-30
291,James Tarkowski,Tarkowski,Everton,5.5,8.3,65934,14778,6.2,1620,a,2025-12-30
292,Vitalii Mykolenko,Mykolenko,Everton,4.9,0.5,4216,1926,3.6,1345,a,2025-12-30
293,Jake O'Brien,O'Brien,Everton,4.9,0.5,2341,1453,4.6,1488,a,2025-12-30
294,Séamus Coleman,Coleman,Everton,4.2,0.1,7,123,0.0,11,d,2025-12-30
295,Michael Keane,Keane,Everton,4.8,7.0,215580,8234,4.8,1504,a,2025-12-30
296,Nathan Patterson,Patterson,Everton,4.4,0.0,78,59,0.2,2,a,2025-12-30
297,Roman Dixon,Dixon,Everton,3.8,0.2,181,275,0.0,0,a,2025-12-30
298,Reece Welch,Welch,Everton,3.8,0.1,139,185,0.0,0,a,2025-12-30
299,Iliman Ndiaye,Ndiaye,Everton,6.2,3.7,167,26146,2.6,1343,n,2025-12-30
300,Dwight McNeil,McNeil,Everton,5.5,0.2,1059,713,1.8,255,a,2025-12-30
301,Carlos Alcaraz Durán,Alcaraz,Everton,5.2,0.1,782,819,3.0,656,a,2025-12-30
302,Idrissa Gana Gueye,Gana,Everton,5.4,0.1,8,186,0.8,1051,n,2025-12-30
303,James Garner,Garner,Everton,5.0,0.7,6627,2531,3.8,1613,a,2025-12-30
304,Tim Iroegbunam,Iroegbunam,Everton,4.8,0.0,225,136,2.6,667,a,2025-12-30
305,Harrison Armstrong,Armstrong,Everton,4.5,0.0,0,41,0.0,1,u,2025-12-30
306,Callum Bates,Bates,Everton,4.3,0.1,207,228,0.0,0,a,2025-12-30
307,Coby Ebere,Ebere,Everton,4.4,0.0,66,87,0.0,0,a,2025-12-30
308,Isaac Heath,Heath,Everton,4.5,0.0,0,6,0.0,0,u,2025-12-30
309,Jenson Metcalfe,Metcalfe,Everton,4.5,0.0,0,0,0.0,0,u,2025-12-30
310,Thierno Barry,Barry,Everton,5.7,0.4,1184,3287,2.4,838,a,2025-12-30
311,Norberto Bercique Gomes Betuncal,Beto,Everton,5.0,2.5,4217,6176,1.2,771,a,2025-12-30
312,Youssef Ramalho Chermiti,Y.Chermiti,Everton,4.9,0.1,0,25,0.0,0,u,2025-12-30
313,Martin Sherif,Sherif,Everton,4.4,0.1,0,86,0.0,0,u,2025-12-30
419,Jack Grealish,Grealish,Everton,6.5,10.0,6408,100401,3.6,1340,d,2025-12-30
630,Tom King,King,Everton,3.9,1.4,924,1838,0.0,0,a,2025-12-30
667,Adam Aznou,Aznou,Everton,4.2,0.1,43,69,0.0,0,a,2025-12-30
704,Tyler Onyango,Onyango,Everton,4.5,0.1,0,39,0.0,0,u,2025-12-30
705,Elijah Campbell,Campbell,Everton,3.9,0.2,101,253,0.0,0,a,2025-12-30
707,Tyler Dibling,Dibling,Everton,5.3,0.0,224,82,1.0,184,a,2025-12-30
728,Merlin Röhl,Röhl,Everton,5.0,0.0,30,36,0.4,127,a,2025-12-30
314,Bernd Leno,Leno,Fulham,4.9,1.8,1445,4424,3.6,1620,a,2025-12-30
315,Steven Benda,Benda,Fulham,4.0,0.0,0,4,0.0,0,u,2025-12-30
316,Antonee Robinson,Robinson,Fulham,4.9,0.7,6909,1386,4.2,331,a,2025-12-30
317,Joachim Andersen,Andersen,Fulham,4.6,6.3,9786,31423,3.0,1481,a,2025-12-30
318,Calvin Bassey,Bassey,Fulham,4.5,0.4,43,3418,2.8,1358,n,2025-12-30
319,Timothy Castagne,Castagne,Fulham,4.3,0.1,168,594,1.2,545,a,2025-12-30
320,Issa Diop,Diop,Fulham,4.3,0.1,83,134,0.4,230,a,2025-12-30
321,Jorge Cuenca Barreno,J.Cuenca,Fulham,4.3,0.0,490,82,2.8,348,a,2025-12-30
322,Kenny Tete,Tete,Fulham,4.5,1.0,5551,5636,4.0,1296,a,2025-12-30
323,Samuel Amissah,Amissah,Fulham,3.8,0.1,101,264,0.0,0,a,2025-12-30
324,Alex Iwobi,Iwobi,Fulham,6.3,0.8,25,4279,2.2,1329,n,2025-12-30
325,Emile Smith Rowe,Smith Rowe,Fulham,5.6,0.9,3163,7854,4.6,657,a,2025-12-30
326,Adama Traoré Diarra,Adama,Fulham,5.1,0.1,171,305,0.6,250,a,2025-12-30
327,Andreas Hoelgebaum Pereira,Andreas,Fulham,5.3,0.1,0,21,0.0,0,u,2025-12-30
328,Ryan Sessegnon,Sessegnon,Fulham,5.4,0.2,12,1720,0.4,1106,i,2025-12-30
329,Harry Wilson,Wilson,Fulham,5.8,18.4,89414,81900,7.8,1239,a,2025-12-30
330,Sander Berge,Berge,Fulham,4.9,0.1,150,201,1.8,1548,a,2025-12-30
331,Tom Cairney,Cairney,Fulham,4.8,0.0,36,44,0.6,230,a,2025-12-30
332,Saša Lukić,Lukić,Fulham,4.9,0.1,130,140,2.2,946,a,2025-12-30
333,Martial Godo,Godo,Fulham,4.5,0.0,0,19,0.0,0,u,2025-12-30
334,Luke Harris,Harris,Fulham,4.5,0.0,0,1,0.0,0,u,2025-12-30
335,Josh King,King,Fulham,4.5,2.6,2599,13740,0.8,863,a,2025-12-30
336,Harrison Reed,Reed,Fulham,4.3,0.3,359,938,0.0,1,a,2025-12-30
337,Raúl Jiménez Rodríguez,Raúl,Fulham,6.3,2.3,8711,17289,4.6,1044,a,2025-12-30
338,Rodrigo Muniz Carvalho,Muniz,Fulham,5.3,0.7,53,825,0.0,348,i,2025-12-30
664,Benjamin Lecomte,Lecomte,Fulham,3.9,0.7,720,1010,0.0,0,a,2025-12-30
727,Samuel Chukwueze,Chukwueze,Fulham,5.3,0.1,46,3392,3.8,393,n,2025-12-30
731,Kevin Santos Lopes de Macedo,Kevin,Fulham,5.8,0.1,247,546,2.2,561,a,2025-12-30
737,Jonah Kusi-Asare,Kusi-Asare,Fulham,4.5,0.1,220,406,0.4,23,a,2025-12-30
770,Seth Ridgeon,Ridgeon,Fulham,4.5,0.0,37,15,0.0,0,a,2025-12-30
339,Illan Meslier,Meslier,Leeds,4.2,0.4,99,510,0.0,0,a,2025-12-30
340,Alex Cairns,Cairns,Leeds,3.9,0.2,88,203,0.0,0,a,2025-12-30
341,Karl Darlow,Darlow,Leeds,3.9,2.1,2355,4363,0.0,450,a,2025-12-30
342,Jayden Bogle,Bogle,Leeds,4.4,0.2,539,679,3.0,1573,a,2025-12-30
343,Pascal Struijk,Struijk,Leeds,4.3,0.3,483,693,2.4,1358,a,2025-12-30
344,Jaka Bijol,Bijol,Leeds,3.9,0.5,3798,2464,4.4,712,a,2025-12-30
345,Sebastiaan Bornauw,Bornauw,Leeds,3.8,0.1,108,416,0.4,2,a,2025-12-30
346,Sam Byram,Byram,Leeds,3.8,0.2,109,455,0.0,7,a,2025-12-30
347,Gabriel Gudmundsson,Gudmundsson,Leeds,3.8,3.8,8948,14963,2.0,1470,a,2025-12-30
348,Joe Rodon,Rodon,Leeds,4.0,4.6,2699,64888,1.6,1560,d,2025-12-30
349,Isaac Schmidt,Schmidt,Leeds,4.0,0.1,0,43,0.0,0,u,2025-12-30
350,Brenden Aaronson,Aaronson,Leeds,5.4,0.1,876,619,3.2,997,a,2025-12-30
351,Wilfried Gnonto,Gnonto,Leeds,5.2,0.1,118,195,2.0,306,a,2025-12-30
352,Jack Harrison,Harrison,Leeds,5.1,0.1,97,151,0.2,262,a,2025-12-30
353,Daniel James,James,Leeds,5.3,0.1,8,117,0.0,348,i,2025-12-30
354,Ethan Ampadu,Ampadu,Leeds,4.9,0.1,1364,945,4.8,1409,a,2025-12-30
355,Sam Greenwood,Greenwood,Leeds,4.9,0.0,0,15,0.0,0,u,2025-12-30
356,Ilia Gruev,Gruev,Leeds,4.7,0.0,155,172,1.4,391,a,2025-12-30
357,Largie Ramazani,Ramazani,Leeds,4.9,0.0,0,5,0.0,0,u,2025-12-30
358,Tanaka Ao,Tanaka,Leeds,4.8,0.3,1244,2679,3.8,692,a,2025-12-30
359,Charlie Crew,Crew,Leeds,4.5,0.0,0,2,0.0,0,u,2025-12-30
360,Joe Gelhardt,Gelhardt,Leeds,4.5,0.0,0,5,0.0,0,u,2025-12-30
361,Darko Gyabi,Gyabi,Leeds,4.5,0.0,0,27,0.0,0,u,2025-12-30
362,Joël Piroe,Piroe,Leeds,4.9,0.4,369,707,0.6,198,a,2025-12-30
363,Patrick Bamford,Bamford,Leeds,4.9,0.4,0,229,0.0,0,u,2025-12-30
364,Mateo Joseph Fernández-Regatillo,Mateo Joseph,Leeds,5.0,0.0,0,2,0.0,0,u,2025-12-30
365,Lukas Nmecha,Nmecha,Leeds,5.0,0.5,658,1964,0.6,506,a,2025-12-30
493,Sean Longstaff,Longstaff,Leeds,4.8,0.3,14,1096,0.0,877,i,2025-12-30
660,Anton Stach,Stach,Leeds,4.9,2.9,23211,12529,6.4,1270,a,2025-12-30
665,Lucas Estella Perri,Perri,Leeds,4.5,0.2,242,602,1.8,1170,a,2025-12-30
691,Dominic Calvert-Lewin,Calvert-Lewin,Leeds,5.8,9.0,118294,28985,9.0,1113,a,2025-12-30
698,Noah Okafor,Okafor,Leeds,5.5,0.1,451,909,2.6,927,a,2025-12-30
706,James Justin,Justin,Leeds,3.9,0.2,212,487,0.6,159,a,2025-12-30
741,Harry Gray,Gray,Leeds,4.5,0.1,602,695,0.0,0,a,2025-12-30
366,Alisson Becker,A.Becker,Liverpool,5.4,6.2,11482,9267,3.8,1170,a,2025-12-30
367,Giorgi Mamardashvili,Mamardashvili,Liverpool,4.2,0.6,327,2224,0.0,450,a,2025-12-30
368,Ármin Pécsi,Pécsi,Liverpool,3.9,0.3,45,723,0.0,0,a,2025-12-30
369,Freddie Woodman,Woodman,Liverpool,3.9,0.2,81,369,0.0,0,a,2025-12-30
370,Jeremie Frimpong,Frimpong,Liverpool,5.7,5.5,43737,3165,1.5,203,a,2025-12-30
371,Milos Kerkez,Kerkez,Liverpool,5.6,3.0,4387,3879,3.2,1209,a,2025-12-30
372,Andrew Robertson,Robertson,Liverpool,5.8,1.0,1043,1547,0.8,416,a,2025-12-30
373,Virgil van Dijk,Virgil,Liverpool,5.9,24.6,41375,41675,3.7,1620,a,2025-12-30
374,Ibrahima Konaté,Konaté,Liverpool,5.4,3.6,11216,9577,4.2,1516,a,2025-12-30
375,Conor Bradley,Bradley,Liverpool,5.0,0.2,1199,957,1.2,670,a,2025-12-30
376,Joe Gomez,Gomez,Liverpool,4.9,0.1,9,812,3.2,244,i,2025-12-30
377,Konstantinos Tsimikas,Tsimikas,Liverpool,4.8,0.0,0,16,0.0,0,u,2025-12-30
378,Amara Nallo,Nallo,Liverpool,3.7,0.6,13780,1989,0.0,0,a,2025-12-30
379,Rhys Williams,R.Williams,Liverpool,3.8,0.2,89,517,0.0,0,a,2025-12-30
380,Calvin Ramsay,Ramsay,Liverpool,3.8,0.2,115,595,0.0,0,a,2025-12-30
381,Mohamed Salah,M.Salah,Liverpool,14.0,14.8,71,22056,1.3,1183,n,2025-12-30
382,Florian Wirtz,Wirtz,Liverpool,8.2,11.3,140584,8653,6.0,1174,a,2025-12-30
383,Luis Díaz Marulanda,Luis Díaz,Liverpool,8.0,0.0,0,6,0.0,0,u,2025-12-30
384,Cody Gakpo,Gakpo,Liverpool,7.3,5.3,11022,9269,3.0,1140,a,2025-12-30
385,Federico Chiesa,Chiesa,Liverpool,6.3,0.4,1286,2224,0.8,211,a,2025-12-30
386,Alexis Mac Allister,Mac Allister,Liverpool,6.2,1.4,3751,5467,2.0,1182,a,2025-12-30
387,Dominik Szoboszlai,Szoboszlai,Liverpool,6.6,4.5,29938,17744,2.8,1522,a,2025-12-30
388,Curtis Jones,C.Jones,Liverpool,5.4,0.2,1096,1199,2.3,815,a,2025-12-30
390,Ryan Gravenberch,Gravenberch,Liverpool,5.7,6.2,83478,9822,5.2,1411,a,2025-12-30
392,Endo Wataru,Endo,Liverpool,4.9,0.1,3,114,0.2,43,i,2025-12-30
393,Stefan Bajčetić Maquieira,Bajcetic,Liverpool,4.3,0.0,20,68,0.0,0,i,2025-12-30
394,James McConnell,McConnell,Liverpool,4.4,0.0,0,7,0.0,0,u,2025-12-30
395,Tyler Morton,Morton,Liverpool,4.5,0.0,0,1,0.0,0,u,2025-12-30
396,Trey Nyoni,Nyoni,Liverpool,4.3,0.4,222,1168,0.3,2,a,2025-12-30
397,Darwin Núñez Ribeiro,Darwin,Liverpool,6.5,0.1,0,15,0.0,0,u,2025-12-30
398,Jayden Danns,Danns,Liverpool,4.3,0.1,40,104,0.0,0,i,2025-12-30
499,Alexander Isak,Isak,Liverpool,10.3,3.9,99,9320,2.8,501,i,2025-12-30
661,Hugo Ekitiké,Ekitiké,Liverpool,9.1,35.7,215079,12540,7.0,1038,a,2025-12-30
686,Rio Ngumoha,Ngumoha,Liverpool,4.3,0.7,4651,4889,0.0,42,a,2025-12-30
692,Giovanni Leoni,Leoni,Liverpool,4.9,0.0,8,10,0.0,0,i,2025-12-30
746,Kieran Morrison,Morrison,Liverpool,4.5,0.0,25,32,0.0,0,a,2025-12-30
760,Wellity Lucky,Lucky,Liverpool,4.0,0.0,44,61,0.0,0,a,2025-12-30
182,James Trafford,Trafford,Man City,4.6,1.0,53,935,0.0,270,a,2025-12-30
399,Ederson Santana de Moraes,Ederson M.,Man City,5.3,0.8,0,299,0.0,0,u,2025-12-30
400,Stefan Ortega Moreno,Ortega Moreno,Man City,4.7,0.2,30,123,0.0,0,a,2025-12-30
401,Marcus Bettinelli,Bettinelli,Man City,3.9,0.1,44,221,0.0,0,a,2025-12-30
402,Rayan Aït-Nouri,Aït-Nouri,Man City,5.7,3.9,28,4024,0.2,204,n,2025-12-30
403,Joško Gvardiol,Gvardiol,Man City,6.0,9.9,86326,15562,6.8,1218,a,2025-12-30
404,Manuel Akanji,Akanji,Man City,5.4,0.3,0,76,0.0,0,u,2025-12-30
405,Nathan Aké,Aké,Man City,5.3,0.6,296,635,0.6,223,a,2025-12-30
406,Abdukodir Khusanov,Khusanov,Man City,5.4,0.3,178,365,0.2,250,a,2025-12-30
407,Matheus Nunes,Matheus N.,Man City,5.4,2.4,22777,9253,6.2,1323,a,2025-12-30
408,Rúben dos Santos Gato Alves Dias,Rúben,Man City,5.7,7.4,26246,22098,6.2,1535,a,2025-12-30
409,John Stones,Stones,Man City,5.4,0.6,18,898,0.0,351,i,2025-12-30
410,Rico Lewis,Lewis,Man City,4.7,1.3,537,2007,0.6,204,a,2025-12-30
411,Nico O'Reilly,O'Reilly,Man City,5.3,11.0,26448,50595,3.8,1313,a,2025-12-30
412,Vitor de Oliveira Nunes dos Reis,Vitor Reis,Man City,5.0,0.0,0,1,0.0,0,u,2025-12-30
413,Omar Marmoush,Marmoush,Man City,8.3,2.4,71,1831,0.4,204,n,2025-12-30
414,Phil Foden,Foden,Man City,9.0,40.4,81481,180530,9.0,1315,a,2025-12-30
415,Sávio Moreira de Oliveira,Savinho,Man City,6.9,0.4,437,792,1.6,481,a,2025-12-30
416,Bernardo Mota Veiga de Carvalho e Silva,Bernardo,Man City,6.2,0.5,1211,1617,2.6,1229,a,2025-12-30
417,Rayan Cherki,Cherki,Man City,6.7,12.4,347771,8400,7.0,637,a,2025-12-30
418,Jérémy Doku,Doku,Man City,6.4,3.2,286,44258,2.2,935,i,2025-12-30
420,İlkay Gündoğan,Gündoğan,Man City,6.3,0.1,0,16,0.0,0,u,2025-12-30
421,Rodrigo 'Rodri' Hernandez Cascante,Rodrigo,Man City,6.3,0.4,199,189,0.0,292,a,2025-12-30
422,Mateo Kovačić,Kovačić,Man City,5.9,0.0,7,17,0.0,4,i,2025-12-30
423,Nico González Iglesias,N.Gonzalez,Man City,5.9,0.1,477,744,3.2,1223,a,2025-12-30
424,Oscar Bobb,Bobb,Man City,5.1,0.2,7,403,0.0,464,i,2025-12-30
425,Claudio Echeverri,Echeverri,Man City,5.4,0.0,0,6,0.0,0,u,2025-12-30
427,Tijjani Reijnders,Reijnders,Man City,5.2,12.0,36739,13752,5.4,1168,a,2025-12-30
428,Sverre Nypan,Nypan,Man City,5.0,0.0,0,2,0.0,0,u,2025-12-30
429,Kalvin Phillips,Phillips,Man City,4.8,0.1,35,91,0.0,0,a,2025-12-30
430,Erling Haaland,Haaland,Man City,15.1,74.2,18637,14692,9.4,1552,a,2025-12-30
736,Gianluigi Donnarumma,Donnarumma,Man City,5.7,10.2,15451,28286,4.4,1350,a,2025-12-30
739,Divine Mukasa,Mukasa,Man City,4.4,0.0,52,77,0.2,15,a,2025-12-30
740,Stephen Mfuni,Mfuni,Man City,3.9,0.0,29,87,0.0,0,a,2025-12-30
742,Ryan McAidoo,McAidoo,Man City,4.5,0.0,18,33,0.0,0,a,2025-12-30
763,Charlie Gray,Gray,Man City,4.5,0.0,31,21,0.0,0,a,2025-12-30
764,Reigan Heskey,Heskey,Man City,4.5,0.0,16,5,0.0,0,a,2025-12-30
119,Bryan Mbeumo,Mbeumo,Man Utd,8.1,10.1,477,72903,2.2,1405,n,2025-12-30
431,Altay Bayındır,Bayindir,Man Utd,4.8,0.3,451,449,0.0,540,a,2025-12-30
432,André Onana,Onana,Man Utd,4.9,0.1,0,42,0.0,0,u,2025-12-30
433,Elyh Harrison,Harrison,Man Utd,4.0,0.0,0,3,0.0,0,u,2025-12-30
434,Tom Heaton,Heaton,Man Utd,3.9,0.3,175,455,0.0,0,a,2025-12-30
435,Dermot Mee,Mee,Man Utd,3.9,0.1,78,148,0.0,0,a,2025-12-30
436,Matthijs de Ligt,De Ligt,Man Utd,4.9,2.1,108,8233,0.3,1170,i,2025-12-30
437,Lisandro Martínez,Martinez,Man Utd,4.8,0.4,24361,930,2.5,184,a,2025-12-30
438,Noussair Mazraoui,Mazraoui,Man Utd,4.9,0.2,20,594,1.0,439,n,2025-12-30
439,Diego León Blanco,D.Leon,Man Utd,4.2,0.1,103,110,0.0,0,a,2025-12-30
440,Diogo Dalot Teixeira,Dalot,Man Utd,4.5,4.5,234451,4196,6.2,1134,a,2025-12-30
441,Patrick Dorgu,Dorgu,Man Utd,4.2,5.8,332736,2610,4.3,889,a,2025-12-30
442,Harry Maguire,Maguire,Man Utd,4.3,0.5,48,943,0.0,341,i,2025-12-30
443,Luke Shaw,Shaw,Man Utd,4.5,0.7,7248,1805,2.0,1548,a,2025-12-30
444,Leny Yoro,Yoro,Man Utd,4.3,1.4,1785,3919,1.0,1027,a,2025-12-30
445,Harry Amass,Amass,Man Utd,4.0,0.1,0,54,0.0,0,u,2025-12-30
446,Tyler Fredricson,Fredricson,Man Utd,3.8,0.1,105,247,0.2,2,a,2025-12-30
447,Ayden Heaven,Heaven,Man Utd,3.8,2.4,64679,3266,2.5,411,a,2025-12-30
448,Tyrell Malacia,Malacia,Man Utd,3.8,0.4,592,1330,0.2,2,a,2025-12-30
449,Bruno Borges Fernandes,B.Fernandes,Man Utd,9.1,14.0,2103,421169,7.8,1475,i,2025-12-30
450,Matheus Santos Carneiro da Cunha,Cunha,Man Utd,8.1,12.6,391586,8825,4.5,1119,a,2025-12-30
451,Marcus Rashford,Rashford,Man Utd,7.0,0.0,0,5,0.0,0,u,2025-12-30
452,Amad Diallo,Amad,Man Utd,6.3,1.0,143,4531,2.8,1203,n,2025-12-30
454,Antony dos Santos,Antony,Man Utd,5.9,0.1,0,13,0.0,0,u,2025-12-30
455,Mason Mount,Mount,Man Utd,5.9,0.9,6901,22355,3.5,782,d,2025-12-30
457,Carlos Henrique Casimiro,Casemiro,Man Utd,5.5,1.3,29452,4855,3.8,1051,a,2025-12-30
458,Kobbie Mainoo,Mainoo,Man Utd,4.6,0.4,156,2146,0.5,212,i,2025-12-30
459,Manuel Ugarte Ribeiro,Ugarte,Man Utd,4.7,0.2,2792,504,1.2,474,a,2025-12-30
460,Toby Collyer,Collyer,Man Utd,4.5,0.0,0,14,0.0,0,u,2025-12-30
461,Jayce Fitzgerald,Fitzgerald,Man Utd,4.4,0.0,39,52,0.0,0,a,2025-12-30
462,Jack Fletcher,J.Fletcher,Man Utd,4.3,0.1,870,328,0.3,62,a,2025-12-30
463,Sékou Koné,Kone,Man Utd,4.3,0.1,192,224,0.0,0,a,2025-12-30
464,Jack Moorhouse,Moorhouse,Man Utd,4.5,0.0,0,14,0.0,0,u,2025-12-30
465,Rasmus Højlund,Højlund,Man Utd,6.3,0.3,0,51,0.0,0,u,2025-12-30
466,Joshua Zirkzee,Zirkzee,Man Utd,5.8,0.5,1746,2824,2.3,393,a,2025-12-30
467,Chido Obi,Obi,Man Utd,4.2,1.8,9647,7830,0.0,0,a,2025-12-30
468,Ethan Wheatley,Wheatley,Man Utd,4.5,0.1,0,52,0.0,0,u,2025-12-30
681,Benjamin Sesko,Šeško,Man Utd,7.2,3.3,21049,3694,1.2,768,a,2025-12-30
733,Senne Lammens,Lammens,Man Utd,5.0,2.5,41026,2903,2.8,1080,a,2025-12-30
755,Shea Lacey,Lacey,Man Utd,4.5,0.0,89,102,0.2,6,a,2025-12-30
769,Bendito Mantato,Bendito Mantato,Man Utd,4.5,0.0,18,11,0.0,0,a,2025-12-30
771,Tyler Fletcher,Fletcher,Man Utd,4.5,0.0,180,25,0.0,0,a,2025-12-30
52,Jacob Ramsey,J.Ramsey,Newcastle,5.3,0.2,578,354,1.0,454,a,2025-12-30
135,Yoane Wissa,Wissa,Newcastle,7.3,0.6,1754,2106,0.6,70,a,2025-12-30
469,Nick Pope,Pope,Newcastle,5.1,4.6,8190,7030,0.0,1066,a,2025-12-30
471,Mark Gillespie,Gillespie,Newcastle,3.9,0.1,108,167,0.0,0,a,2025-12-30
472,Odysseas Vlachodimos,Odysseas,Newcastle,4.0,0.0,0,10,0.0,0,u,2025-12-30
473,Lewis Hall,Hall,Newcastle,5.2,2.1,79667,2580,2.4,698,a,2025-12-30
474,Fabian Schär,Schär,Newcastle,5.3,1.8,13035,2828,1.2,834,a,2025-12-30
475,Sven Botman,Botman,Newcastle,4.9,0.3,8,658,0.0,655,d,2025-12-30
476,Dan Burn,Burn,Newcastle,5.1,4.3,132,60693,2.8,1255,i,2025-12-30
477,Tino Livramento,Livramento,Newcastle,4.9,2.4,61,20404,1.2,976,d,2025-12-30
478,Kieran Trippier,Trippier,Newcastle,4.9,1.3,37,2330,0.0,699,d,2025-12-30
479,Emil Krafth,Krafth,Newcastle,4.3,0.0,5,43,0.0,45,d,2025-12-30
480,Jamaal Lascelles,Lascelles,Newcastle,4.3,0.1,3,162,0.0,19,d,2025-12-30
481,Alex Murphy,A.Murphy,Newcastle,3.8,0.7,1271,2279,0.0,0,a,2025-12-30
482,Harrison Ashby,Ashby,Newcastle,3.9,0.1,64,125,0.0,0,a,2025-12-30
483,Miodrag Pivaš,Pivas,Newcastle,3.8,0.4,529,1863,0.0,0,a,2025-12-30
484,Matt Targett,Targett,Newcastle,4.0,0.2,0,145,0.0,0,u,2025-12-30
485,Anthony Gordon,Gordon,Newcastle,7.4,5.0,99619,16120,5.8,778,a,2025-12-30
486,Anthony Elanga,Elanga,Newcastle,6.5,2.8,351,7009,1.0,675,d,2025-12-30
487,Harvey Barnes,Barnes,Newcastle,6.1,1.1,5528,12498,1.2,754,a,2025-12-30
488,Bruno Guimarães Rodriguez Moura,Bruno G.,Newcastle,7.0,13.5,64315,95208,4.4,1479,a,2025-12-30
489,Jacob Murphy,J.Murphy,Newcastle,6.0,0.8,5906,2803,1.6,891,a,2025-12-30
490,Joelinton Cássio Apolinário de Lira,Joelinton,Newcastle,5.9,0.3,966,865,1.2,957,a,2025-12-30
491,Sandro Tonali,Tonali,Newcastle,5.3,1.0,3684,2927,1.4,1230,a,2025-12-30
492,Antoñito Cordero Campillo,Antoñito C.,Newcastle,4.9,0.0,0,9,0.0,0,u,2025-12-30
494,Joe Willock,Willock,Newcastle,5.0,0.1,272,227,1.0,230,a,2025-12-30
495,Isaac Hayden,Hayden,Newcastle,4.5,0.0,0,2,0.0,0,u,2025-12-30
496,Garang Kuol,Kuol,Newcastle,4.4,0.0,0,26,0.0,0,u,2025-12-30
497,Lewis Miley,L.Miley,Newcastle,4.5,3.3,25561,9438,2.2,750,a,2025-12-30
498,Joe White,White,Newcastle,4.5,0.0,0,5,0.0,0,u,2025-12-30
500,William Osula,Osula,Newcastle,5.4,0.2,17,232,0.0,213,d,2025-12-30
501,Sean Neave,Neave,Newcastle,4.3,0.2,270,392,0.0,0,a,2025-12-30
674,Aaron Ramsdale,Ramsdale,Newcastle,4.8,1.0,7422,2180,1.8,553,a,2025-12-30
684,Malick Thiaw,Thiaw,Newcastle,5.0,3.2,54489,10204,1.8,1262,a,2025-12-30
689,Seung-Soo Park,Seung soo,Newcastle,4.4,0.2,46,287,0.0,0,a,2025-12-30
714,Nick Woltemade,Woltemade,Newcastle,7.4,19.2,111656,61893,4.4,1162,a,2025-12-30
753,John Ruddy,Ruddy,Newcastle,4.0,0.0,47,44,0.0,0,a,2025-12-30
765,Leo Shahar,Shahar,Newcastle,4.0,0.0,320,102,0.0,0,a,2025-12-30
772,Sam Alabi,Alabi,Newcastle,4.5,0.0,27,3,0.0,0,a,2025-12-30
12,Oleksandr Zinchenko,Zinchenko,Nott'm Forest,4.9,0.2,488,248,0.2,262,a,2025-12-30
426,James McAtee,McAtee,Nott'm Forest,5.0,0.1,119,194,0.3,148,a,2025-12-30
502,Matz Sels,Sels,Nott'm Forest,4.6,6.0,2766,12536,1.7,1350,a,2025-12-30
503,Carlos Miguel dos Santos Pereira,C.Miguel,Nott'm Forest,4.0,0.1,0,81,0.0,0,u,2025-12-30
504,Matt Turner,Turner,Nott'm Forest,4.0,0.1,0,101,0.0,0,u,2025-12-30
505,Nikola Milenković,Milenković,Nott'm Forest,5.1,3.4,7261,4475,3.2,1620,a,2025-12-30
506,Murillo Costa dos Santos,Murillo,Nott'm Forest,5.2,1.9,6736,2429,1.7,1009,a,2025-12-30
507,Ola Aina,Aina,Nott'm Forest,4.7,1.9,27,1793,0.0,270,i,2025-12-30
508,Neco Williams,N.Williams,Nott'm Forest,4.7,3.5,8917,7104,3.3,1620,a,2025-12-30
509,David Mota Veiga Teixeira do Carmo,David Carmo,Nott'm Forest,4.5,0.0,0,10,0.0,0,u,2025-12-30
510,Jair Paula da Cunha Filho,Jair Cunha,Nott'm Forest,4.3,0.1,68,75,0.0,90,a,2025-12-30
511,Felipe Rodrigues da Silva,Morato,Nott'm Forest,4.3,0.1,123,261,2.0,708,a,2025-12-30
512,Omar Richards,O.Richards,Nott'm Forest,4.5,0.0,0,4,0.0,0,u,2025-12-30
513,Zach Abbott,Abbott,Nott'm Forest,3.8,0.3,1179,1241,0.2,45,a,2025-12-30
514,Willy Boly,Boly,Nott'm Forest,3.8,0.4,280,1290,0.0,0,n,2025-12-30
515,Morgan Gibbs-White,Gibbs-White,Nott'm Forest,7.3,2.9,9066,7819,2.3,1512,a,2025-12-30
516,Callum Hudson-Odoi,Hudson-Odoi,Nott'm Forest,5.7,1.0,11176,4530,4.3,954,a,2025-12-30
517,Elliot Anderson,Anderson,Nott'm Forest,5.3,4.6,18668,16928,3.7,1620,a,2025-12-30
518,João Pedro Ferreira da Silva,Jota,Nott'm Forest,5.4,0.0,0,15,0.0,11,u,2025-12-30
519,Nicolás Domínguez,Dominguez,Nott'm Forest,5.0,0.0,72,38,0.8,347,a,2025-12-30
520,Lewis O'Brien,O'Brien,Nott'm Forest,5.0,0.0,0,1,0.0,0,u,2025-12-30
521,Ibrahim Sangaré,Sangaré,Nott'm Forest,4.9,0.1,20,164,4.3,864,n,2025-12-30
522,Ryan Yates,Yates,Nott'm Forest,4.7,0.1,7,195,0.5,299,d,2025-12-30
523,Eric da Silva Moreira,Da Silva Moreira,Nott'm Forest,4.5,0.1,0,25,0.0,0,u,2025-12-30
524,Marko Stamenić,Stamenic,Nott'm Forest,4.5,0.0,0,15,0.0,0,u,2025-12-30
525,Chris Wood,Wood,Nott'm Forest,7.2,4.9,36,3845,0.0,538,i,2025-12-30
526,Igor Jesus Maciel da Cruz,Igor Jesus,Nott'm Forest,5.8,1.2,15753,5545,3.7,910,a,2025-12-30
527,Taiwo Awoniyi,Awoniyi,Nott'm Forest,5.2,0.3,481,341,0.3,154,a,2025-12-30
669,Dan Ndoye,Ndoye,Nott'm Forest,5.5,0.8,8,3651,1.0,997,d,2025-12-30
675,Angus Gunn,Gunn,Nott'm Forest,4.0,1.2,159,874,0.0,0,a,2025-12-30
693,Omari Hutchinson,Hutchinson,Nott'm Forest,5.4,0.1,7010,384,4.2,652,a,2025-12-30
696,Arnaud Kalimuendo,Kalimuendo,Nott'm Forest,6.0,0.1,170,339,0.3,82,a,2025-12-30
699,Douglas Luiz Soares de Paulo,Douglas Luiz,Nott'm Forest,4.9,0.0,187,159,0.5,262,a,2025-12-30
715,John Victor Maciel Furtado,John,Nott'm Forest,4.0,0.5,5528,721,1.5,270,a,2025-12-30
716,Nicolò Savona,Savona,Nott'm Forest,4.5,0.2,1727,955,2.3,1004,a,2025-12-30
729,Luis Eduardo Soares da Silva,Cuiabano,Nott'm Forest,4.5,0.0,0,0,0.0,0,u,2025-12-30
734,Dilane Bakwa,Bakwa,Nott'm Forest,5.9,0.0,78,50,0.2,173,a,2025-12-30
528,Anthony Patterson,Patterson,Sunderland,4.2,0.2,125,314,0.0,0,a,2025-12-30
529,Simon Moore,Moore,Sunderland,3.9,0.4,215,492,0.0,0,a,2025-12-30
530,Blondy Nna Noukeu,Nna Noukeu,Sunderland,3.9,0.1,79,180,0.0,0,a,2025-12-30
531,Daniel Ballard,Ballard,Sunderland,4.7,3.7,7358,48095,4.4,1119,d,2025-12-30
532,Trai Hume,Hume,Sunderland,4.5,0.3,427,1350,3.0,1471,a,2025-12-30
533,Aji Alese,Alese,Sunderland,4.0,0.0,9,9,0.0,0,i,2025-12-30
534,Joe Anderson,Anderson,Sunderland,3.9,0.4,219,754,0.0,0,a,2025-12-30
535,Dennis Cirkin,Cirkin,Sunderland,4.0,0.0,164,100,0.4,90,a,2025-12-30
536,Leo Fuhr Hjelde,Hjelde,Sunderland,4.0,0.0,48,42,0.0,0,a,2025-12-30
537,Niall Huggins,Huggins,Sunderland,4.0,0.1,0,43,0.0,0,u,2025-12-30
538,Zak Johnson,Johnson,Sunderland,3.9,0.2,60,389,0.0,0,a,2025-12-30
539,Luke O'Nien,O'Nien,Sunderland,4.0,0.0,169,89,-0.2,4,a,2025-12-30
540,Timothée Pembélé,Pembele,Sunderland,3.9,0.4,120,603,0.0,0,a,2025-12-30
541,Reinildo Mandava,Reinildo,Sunderland,3.9,2.8,217,16974,2.8,1022,n,2025-12-30
542,Jenson Seelt,Seelt,Sunderland,4.0,0.1,0,94,0.0,133,u,2025-12-30
543,Simon Adingra,Adingra,Sunderland,4.9,0.4,1127,521,2.8,462,a,2025-12-30
544,Habib Diarra,Diarra,Sunderland,5.3,0.0,6,48,0.2,371,i,2025-12-30
545,Patrick Roberts,Roberts,Sunderland,5.4,0.0,0,3,0.0,27,u,2025-12-30
546,Milan Aleksić,Aleksić,Sunderland,4.9,0.0,0,6,0.0,0,u,2025-12-30
547,Enzo Le Fée,E.Le Fée,Sunderland,4.9,0.9,2984,7299,2.6,1305,a,2025-12-30
548,Romaine Mundle,Mundle,Sunderland,4.9,0.0,21,32,0.8,83,a,2025-12-30
549,Dan Neil,Neil,Sunderland,4.8,0.0,34,47,0.0,2,a,2025-12-30
550,Ian Poveda-Ocampo,Poveda,Sunderland,4.8,0.0,15,28,0.0,0,a,2025-12-30
551,Chris Rigg,Rigg,Sunderland,4.7,0.0,135,129,1.0,316,a,2025-12-30
552,Noah Sadiki,Sadiki,Sunderland,5.0,0.0,17,146,1.4,1414,n,2025-12-30
553,Chemsdine Talbi,Talbi,Sunderland,4.9,0.2,18,697,2.8,881,n,2025-12-30
554,Abdoullah Ba,Ba,Sunderland,4.3,0.4,273,1242,0.0,0,a,2025-12-30
555,Alan Browne,Browne,Sunderland,4.5,0.0,0,24,0.0,0,u,2025-12-30
556,Pierre Ekwah Elimby,Ekwah,Sunderland,4.5,0.0,0,8,0.0,0,u,2025-12-30
557,Harrison Jones,H.Jones,Sunderland,4.3,0.1,129,155,0.0,0,a,2025-12-30
558,Jay Matete,Matete,Sunderland,4.3,0.2,616,670,0.0,0,a,2025-12-30
559,Nectarios Triantis,Triantis,Sunderland,4.4,0.0,0,40,0.0,0,u,2025-12-30
560,Wilson Isidor,Isidor,Sunderland,5.4,2.2,3290,19331,0.8,938,a,2025-12-30
561,Eliezer Mayenda Dossou,Mayenda,Sunderland,5.2,0.5,248,946,0.2,283,a,2025-12-30
562,Ahmed Abdullahi,Abdullahi,Sunderland,4.3,0.4,421,923,0.0,0,a,2025-12-30
563,Luís Hemir Silva Semedo,Luís Hemir,Sunderland,4.4,0.1,0,72,0.0,0,u,2025-12-30
564,Nazarii Rusyn,Rusyn,Sunderland,4.4,0.1,0,54,0.0,0,u,2025-12-30
668,Granit Xhaka,Xhaka,Sunderland,5.2,6.6,17929,25189,3.6,1602,a,2025-12-30
670,Robin Roefs,Roefs,Sunderland,4.8,9.6,25185,19157,4.6,1620,a,2025-12-30
678,Arthur Masuaku,Masuaku,Sunderland,3.9,0.6,13,1525,0.0,125,n,2025-12-30
683,Omar Alderete,Alderete,Sunderland,4.0,5.4,21934,14618,4.4,1207,a,2025-12-30
694,Nordi Mukiele,Mukiele,Sunderland,4.2,6.7,21044,22669,3.8,1440,a,2025-12-30
724,Lutsharel Geertruida,Geertruida,Sunderland,4.5,0.0,116,167,2.0,712,a,2025-12-30
730,Brian Brobbey,Brobbey,Sunderland,5.5,0.3,1847,3245,1.6,461,a,2025-12-30
735,Bertrand Traoré,Traoré,Sunderland,5.5,0.0,10,292,0.8,607,n,2025-12-30
774,Jenson Jones,Jenson Jones,Sunderland,4.0,0.0,36,4,0.0,0,a,2025-12-30
775,Tymur Tutierov,Tutierov,Sunderland,4.5,0.0,24,3,0.0,0,a,2025-12-30
565,Guglielmo Vicario,Vicario,Spurs,4.8,7.0,3434,10164,3.6,1620,a,2025-12-30
566,Brandon Austin,Austin,Spurs,3.9,0.3,157,378,0.0,0,a,2025-12-30
567,Antonín Kinský,Kinsky,Spurs,3.9,1.8,629,2518,0.0,0,a,2025-12-30
568,Pedro Porro Sauceda,Pedro Porro,Spurs,5.2,12.6,8677,19363,2.6,1415,a,2025-12-30
569,Cristian Romero,Romero,Spurs,5.0,3.6,5961,10471,4.8,1187,a,2025-12-30
570,Kevin Danso,Danso,Spurs,4.2,0.1,502,235,2.2,581,a,2025-12-30
571,Ben Davies,Davies,Spurs,4.3,0.1,79,76,0.2,31,a,2025-12-30
572,Radu Drăgușin,Dragusin,Spurs,4.5,0.0,65,24,0.2,5,a,2025-12-30
573,Djed Spence,Spence,Spurs,4.3,1.1,2800,2245,2.8,1163,a,2025-12-30
574,Destiny Udogie,Udogie,Spurs,4.3,0.3,18,690,0.2,605,i,2025-12-30
575,Micky van de Ven,Van de Ven,Spurs,4.5,26.2,40398,46123,3.6,1519,a,2025-12-30
576,Ashley Phillips,Phillips,Spurs,4.0,0.0,0,5,0.0,0,u,2025-12-30
577,Takai Kōta,Takai,Spurs,4.0,0.0,42,50,0.0,0,a,2025-12-30
578,Luka Vušković,Vuskovic,Spurs,3.9,0.3,0,343,0.0,0,u,2025-12-30
579,Son Heung-min,Son,Spurs,8.5,0.1,0,29,0.0,0,u,2025-12-30
580,Brennan Johnson,Johnson,Spurs,6.5,2.4,769,2277,1.0,602,a,2025-12-30
581,James Maddison,Maddison,Spurs,6.8,0.1,29,59,0.0,0,i,2025-12-30
582,Mohammed Kudus,Kudus,Spurs,6.4,14.1,17820,39053,3.2,1427,a,2025-12-30
583,Dejan Kulusevski,Kulusevski,Spurs,6.4,0.0,10,14,0.0,0,i,2025-12-30
584,Mathys Tel,Tel,Spurs,6.2,0.1,221,266,1.0,274,a,2025-12-30
585,Rodrigo Bentancur,Bentancur,Spurs,5.3,0.2,483,599,3.4,1142,a,2025-12-30
586,Lucas Bergvall,Bergvall,Spurs,5.3,0.2,262,686,1.4,724,d,2025-12-30
587,Yves Bissouma,Bissouma,Spurs,5.2,0.0,5,26,0.0,0,n,2025-12-30
588,Wilson Odobert,Odobert,Spurs,5.3,0.0,180,88,0.8,536,a,2025-12-30
589,Manor Solomon,Solomon,Spurs,5.4,0.0,0,2,0.0,0,u,2025-12-30
590,Bryan Gil Salvatierra,Bryan,Spurs,4.9,0.0,0,8,0.0,0,u,2025-12-30
591,Archie Gray,Gray,Spurs,4.8,0.1,1062,192,3.0,435,a,2025-12-30
592,Mikey Moore,Moore,Spurs,5.0,0.0,0,1,0.0,0,u,2025-12-30
593,Pape Matar Sarr,P.M.Sarr,Spurs,4.5,0.9,195,3719,0.6,703,n,2025-12-30
594,Yang Min-hyeok,Min-hyeok,Spurs,4.5,0.0,0,4,0.0,0,u,2025-12-30
595,Callum Olusesi,Olusesi,Spurs,4.3,0.2,365,437,0.0,0,a,2025-12-30
596,Dominic Solanke-Mitchell,Solanke,Spurs,7.2,0.9,34,375,0.0,31,i,2025-12-30
597,Richarlison de Andrade,Richarlison,Spurs,6.4,7.7,19242,19629,3.8,1073,a,2025-12-30
598,Will Lankshear,Lankshear,Spurs,4.5,0.0,0,9,0.0,0,u,2025-12-30
599,Dane Scarlett,Scarlett,Spurs,4.3,0.6,430,1005,0.0,0,a,2025-12-30
673,João Maria Lobo Alves Palhares Costa Palhinha Gonçalves,J.Palhinha,Spurs,5.5,1.1,982,5020,1.4,1112,a,2025-12-30
717,Xavi Simons,Xavi,Spurs,6.5,1.0,72,8611,3.4,830,s,2025-12-30
726,Randal Kolo Muani,Kolo Muani,Spurs,6.9,0.3,852,1953,2.0,672,a,2025-12-30
745,Jun'ai Byfield,Byfield,Spurs,4.0,0.0,60,65,0.0,0,a,2025-12-30
750,James Rowswell,Rowswell,Spurs,4.0,0.0,50,72,0.0,0,a,2025-12-30
751,Yusuf Akhamrich,Akhamrich,Spurs,4.5,0.0,23,27,0.0,0,a,2025-12-30
149,Igor Julio dos Santos de Paulo,Igor,West Ham,4.5,0.1,162,209,0.0,103,n,2025-12-30
600,Alphonse Areola,Areola,West Ham,4.3,2.2,4304,3372,2.3,1260,a,2025-12-30
601,Wes Foderingham,Foderingham,West Ham,4.0,0.3,0,336,0.0,0,u,2025-12-30
602,Krisztián Hegyi,Hegyi,West Ham,3.9,0.3,291,338,0.0,0,a,2025-12-30
603,El Hadji Malick Diouf,Diouf,West Ham,4.0,1.5,109,10198,1.7,1387,n,2025-12-30
604,Emerson Palmieri dos Santos,Emerson,West Ham,4.4,0.1,0,37,0.0,0,u,2025-12-30
605,Maximilian Kilman,Kilman,West Ham,4.2,0.2,1192,377,1.7,1353,a,2025-12-30
606,Konstantinos Mavropanos,Mavropanos,West Ham,4.4,0.1,193,222,2.2,866,a,2025-12-30
607,Nayef Aguerd,N.Aguerd,West Ham,4.4,0.0,0,16,0.0,180,u,2025-12-30
608,Ollie Scarles,Scarles,West Ham,4.3,0.0,91,28,0.5,222,a,2025-12-30
609,Jean-Clair Todibo,Todibo,West Ham,4.3,0.1,418,287,1.7,1116,a,2025-12-30
610,Aaron Wan-Bissaka,Wan-Bissaka,West Ham,4.2,4.2,67,13276,1.5,1011,n,2025-12-30
611,Kaelan Casey,Casey,West Ham,4.0,0.1,0,70,0.0,0,u,2025-12-30
612,Lucas Tolentino Coelho de Lima,L.Paquetá,West Ham,5.9,1.5,5863,3902,1.5,1369,a,2025-12-30
613,Tomáš Souček,Souček,West Ham,5.7,0.2,258,591,1.2,573,a,2025-12-30
614,James Ward-Prowse,Ward-Prowse,West Ham,5.6,0.2,218,283,0.0,414,a,2025-12-30
615,Crysencio Summerville,Summerville,West Ham,5.5,0.1,554,469,1.3,930,a,2025-12-30
616,Edson Álvarez Velázquez,Álvarez,West Ham,4.9,0.0,0,12,0.0,0,u,2025-12-30
617,Maxwel Cornet,Cornet,West Ham,4.9,0.0,0,3,0.0,0,u,2025-12-30
618,Guido Rodríguez,G.Rodriguez,West Ham,4.8,0.0,34,78,0.7,164,a,2025-12-30
619,Luis Guilherme Lira dos Santos,L.Guilherme,West Ham,4.9,0.0,15,25,0.2,121,a,2025-12-30
620,George Earthy,Earthy,West Ham,4.5,0.0,76,78,0.2,8,a,2025-12-30
621,Andy Irving,Irving,West Ham,4.3,0.3,837,700,0.2,156,a,2025-12-30
622,Lewis Orford,Orford,West Ham,4.4,0.1,0,52,0.0,0,u,2025-12-30
623,Freddie Potts,Potts,West Ham,4.4,0.8,3398,1902,2.2,822,a,2025-12-30
624,Jarrod Bowen,Bowen,West Ham,7.6,7.2,27461,35361,4.5,1620,a,2025-12-30
625,Niclas Füllkrug,Füllkrug,West Ham,5.6,0.6,365,595,0.2,407,a,2025-12-30
626,Callum Marshall,Marshall,West Ham,4.3,0.6,707,1106,0.0,58,a,2025-12-30
659,Kyle Walker-Peters,Walker-Peters,West Ham,4.2,0.3,1005,548,0.8,690,a,2025-12-30
671,Callum Wilson,Wilson,West Ham,5.8,0.7,1706,6707,1.8,651,a,2025-12-30
679,Mads Hermansen,Hermansen,West Ham,4.3,0.2,41,251,0.0,360,a,2025-12-30
708,Mateus Gonçalo Espanha Fernandes,M.Fernandes,West Ham,5.5,0.2,2302,1187,4.0,1234,a,2025-12-30
718,Soungoutou Magassa,S.Magassa,West Ham,5.0,0.0,578,97,4.0,606,a,2025-12-30
738,Lukasz Fabianski,Fabianski,West Ham,4.5,0.0,153,102,0.0,0,a,2025-12-30
747,Ezra Mayers,Mayers,West Ham,4.0,0.0,75,77,0.3,33,a,2025-12-30
752,Airidas Golambeckis,Golambeckis,West Ham,4.0,0.0,44,83,0.0,0,a,2025-12-30
758,Mohamadou Kanté,Mohamadou Kanté,West Ham,4.5,0.0,51,63,0.4,9,a,2025-12-30
627,Sam Johnstone,Johnstone,Wolves,4.4,0.1,101,237,0.8,1080,a,2025-12-30
628,José Malheiro de Sá,José Sá,Wolves,4.2,1.0,488,1228,0.5,540,a,2025-12-30
629,Daniel Bentley,Bentley,Wolves,3.9,0.5,175,763,0.0,0,d,2025-12-30
631,Emmanuel Agbadou,Agbadou,Wolves,4.3,0.1,3,311,1.0,1010,n,2025-12-30
632,Matt Doherty,Doherty,Wolves,4.4,0.1,66,108,1.2,509,a,2025-12-30
633,Hugo Bueno López,H.Bueno,Wolves,4.3,0.1,25,170,0.5,888,a,2025-12-30
634,Yerson Mosquera Valdelamar,Mosquera,Wolves,4.3,0.0,75,61,0.7,596,d,2025-12-30
635,Rodrigo Martins Gomes,R.Gomes,Wolves,4.4,0.1,2,57,0.0,331,i,2025-12-30
636,Santiago Ignacio Bueno,S.Bueno,Wolves,4.4,0.1,178,143,1.7,844,d,2025-12-30
637,Toti Gomes,Toti,Wolves,4.2,0.1,9,474,1.8,949,i,2025-12-30
638,Ki-Jana Hoever,Hoever,Wolves,3.8,1.4,5241,5269,0.8,423,a,2025-12-30
639,Bastien Meupiyou Menadjou,Meupiyou,Wolves,4.0,0.0,0,10,0.0,0,u,2025-12-30
640,Pedro Cardoso de Lima,Pedro Lima,Wolves,4.0,0.4,0,506,0.0,0,u,2025-12-30
641,Alfie Pond,Pond,Wolves,3.9,1.2,263,1920,0.0,0,a,2025-12-30
642,Hwang Hee-chan,Hee Chan,Wolves,5.6,0.1,138,181,0.8,642,a,2025-12-30
643,André Trindade da Costa Neto,André,Wolves,5.3,0.1,56,380,2.7,1333,s,2025-12-30
644,Jean-Ricner Bellegarde,Bellegarde,Wolves,5.2,0.0,4,56,1.8,685,i,2025-12-30
645,Fer López González,Fer López,Wolves,5.2,0.0,15,33,0.7,226,a,2025-12-30
646,João Victor Gomes da Silva,Gomes,Wolves,5.3,0.1,190,146,2.5,1369,a,2025-12-30
647,Gonçalo Manuel Ganchinho Guedes,Guedes,Wolves,5.5,0.0,0,1,0.0,0,u,2025-12-30
648,Marshall Munetsi,Munetsi,Wolves,5.3,0.0,6,110,0.2,872,i,2025-12-30
649,Boubacar Traoré,B.Traore,Wolves,5.0,0.0,0,0,0.0,0,u,2025-12-30
650,Tawanda Chirewa,Chirewa,Wolves,4.3,0.2,66,661,0.2,21,n,2025-12-30
651,Tom Edozie,Edozie,Wolves,4.3,0.4,813,1029,0.0,0,a,2025-12-30
652,Enso González Medina,Gonzalez,Wolves,4.3,1.4,3343,3742,0.0,0,a,2025-12-30
653,Joe Hodge,Hodge,Wolves,4.5,0.0,0,30,0.0,0,u,2025-12-30
654,Jørgen Strand Larsen,Strand Larsen,Wolves,6.1,0.9,405,1654,1.3,1231,a,2025-12-30
655,Fábio Soares Silva,Fábio Silva,Wolves,4.9,0.2,0,78,0.0,0,u,2025-12-30
656,Saša Kalajdžić,Kalajdžić,Wolves,4.9,0.1,0,18,0.0,14,u,2025-12-30
657,Leon Chiwome,Chiwome,Wolves,4.4,0.0,36,52,0.0,0,i,2025-12-30
658,Nathan Fraser,Fraser,Wolves,4.3,1.7,2066,3317,0.0,0,a,2025-12-30
663,Jhon Arias,J.Arias,Wolves,4.9,0.1,58,214,1.3,818,a,2025-12-30
682,David Møller Wolfe,Møller Wolfe,Wolves,4.3,0.1,43,108,1.5,700,a,2025-12-30
695,Jackson Tchatchoua,Tchatchoua,Wolves,4.4,0.0,41,77,1.2,831,a,2025-12-30
709,Ladislav Krejcí,Krejčí,Wolves,4.5,0.0,73,159,0.8,1143,a,2025-12-30
720,Tolu Arokodare,Tolu,Wolves,5.4,0.1,714,270,2.7,425,a,2025-12-30
749,Mateus Mané,Mané,Wolves,4.5,0.1,2563,1009,1.7,181,a,2025-12-30
766,Saheed Olagunju,Olagunju,Wolves,4.0,0.0,51,36,0.0,0,a,2025-12-30
767,Luke Rawlings,Rawlings,Wolves,4.5,0.0,85,40,0.0,0,a,2025-12-30
