date,player_id,web_name,direction,confidence,prediction_score,alert_level,trend_score,velocity,net_transfers,ownership,ownership_bucket
2025-12-25,1,Raya,rise,0.032,0.0458,cooling,0.1032,3,-28,36.3,high
2025-12-25,2,Arrizabalaga,rise,0.17,0.17,cooling,0.0173,10,3,0.4,low
2025-12-25,3,Hein,rise,0.047,0.0475,cooling,0.0173,0,-1,0.2,low
2025-12-25,4,Setford,fall,0.088,-0.0879,cooling,-0.0345,-10,0,0.3,low
2025-12-25,5,Gabriel,rise,1.0,1.0,imminent,0.2917,108,-244,12.5,mid_low
2025-12-25,6,Saliba,fall,1.0,-1.0,imminent,-0.2436,-131,336,11.3,mid_low
2025-12-25,7,Calafiori,fall,0.73,-0.73,imminent,-0.0758,-102,317,10.3,mid_low
2025-12-25,8,J.Timber,fall,0.78,-0.7799,warming,0.0793,-133,506,33.6,high
2025-12-25,9,Kiwior,rise,0.042,0.0425,cooling,0.0,0,0,0.0,low
2025-12-25,10,Lewis-Skelly,fall,0.145,-0.1455,cooling,-0.0242,-8,-58,1.7,low
2025-12-25,11,White,rise,0.242,0.2422,cooling,0.0345,50,-275,1.1,low
2025-12-25,13,Clarke,rise,0.165,0.1646,cooling,0.0035,10,3,0.5,low
2025-12-25,14,Kacurri,rise,0.054,0.0541,cooling,0.0,1,0,0.1,low
2025-12-25,15,Nichols,rise,0.039,0.0394,cooling,0.0,0,-2,0.2,low
2025-12-25,16,Saka,rise,1.0,1.0,imminent,0.4096,94,-118,22.2,mid_high
2025-12-25,17,Ødegaard,rise,0.21,0.2102,cooling,-0.0345,13,21,1.6,low
2025-12-25,18,Madueke,fall,0.299,-0.2992,cooling,-0.0069,-24,-40,0.8,low
2025-12-25,19,Martinelli,rise,0.022,0.0222,cooling,0.0035,6,-63,0.9,low
2025-12-25,20,Trossard,fall,0.089,-0.0892,cooling,0.2339,-38,155,0.9,low
2025-12-25,21,Rice,fall,1.0,-1.0,imminent,-0.9411,-618,2034,24.8,mid_high
2025-12-25,22,Merino,rise,0.961,0.9607,imminent,0.1609,106,-263,3.3,low
2025-12-25,23,Fábio Vieira,rise,0.042,0.0425,cooling,0.0,0,0,0.0,low
2025-12-25,24,Nørgaard,rise,0.022,0.0217,cooling,0.0069,-2,0,0.1,low
2025-12-25,25,Nwaneri,rise,0.002,0.0019,cooling,-0.0104,-3,-1,0.1,low
2025-12-25,26,Zubimendi,fall,0.017,-0.0175,cooling,0.0655,-6,-9,2.2,low
2025-12-25,28,Kabia,rise,0.042,0.0424,cooling,0.0,0,0,0.1,low
2025-12-25,29,Sambi,rise,0.042,0.0424,cooling,0.0,0,0,0.1,low
2025-12-25,30,Havertz,rise,0.034,0.0344,cooling,0.0138,-1,-1,0.3,low
2025-12-25,31,G.Jesus,fall,0.043,-0.0431,cooling,-0.0173,-6,-6,0.2,low
2025-12-25,266,Eze,rise,0.963,0.9634,imminent,0.545,200,-1117,14.9,mid_low
2025-12-25,662,Mosquera,rise,0.029,0.0292,cooling,0.0035,-1,-2,0.1,low
2025-12-25,666,Gyökeres,rise,0.281,0.2807,cooling,0.1542,22,-48,10.2,mid_low
2025-12-25,700,Dowman,fall,0.051,-0.0507,cooling,0.0586,-9,-7,0.4,low
2025-12-25,711,Harriman-Annous,rise,0.031,0.0308,cooling,0.0,-1,0,0.0,low
2025-12-25,725,Hincapie,rise,1.0,1.0,imminent,0.3292,147,-362,3.0,low
2025-12-25,759,Salmon,rise,0.009,0.0087,cooling,0.0035,-3,0,0.0,low
2025-12-25,32,Martinez,rise,0.023,0.0226,cooling,0.0655,-3,-5,3.1,low
2025-12-25,33,M.Bizot,rise,0.084,0.0843,cooling,0.0069,4,-5,0.4,low
2025-12-25,34,Gauci,rise,0.044,0.0436,cooling,0.0069,0,-1,0.1,low
2025-12-25,35,Marschall,rise,0.042,0.0425,cooling,0.0,0,0,0.0,low
2025-12-25,36,Cash,fall,0.649,-0.6487,warming,-0.1169,-21,-270,13.0,mid_low
2025-12-25,37,Digne,rise,0.256,0.256,cooling,0.0518,22,-43,1.7,low
2025-12-25,38,Konsa,rise,0.412,0.4117,warming,0.0,43,-88,7.6,mid_low
2025-12-25,39,Maatsen,fall,0.014,-0.0137,cooling,-0.0655,-3,3,0.5,low
2025-12-25,40,Mings,rise,0.104,0.1037,cooling,0.0311,5,-6,0.6,low
2025-12-25,41,Pau,fall,0.06,-0.0601,cooling,-0.0552,-2,-40,0.4,low
2025-12-25,42,A.García,fall,0.069,-0.0689,cooling,0.0069,-9,-6,0.2,low
2025-12-25,43,Alex Moreno,rise,0.096,0.0959,cooling,0.0242,7,-25,1.8,low
2025-12-25,44,Bogarde,rise,0.016,0.0162,cooling,-0.0069,0,-16,0.6,low
2025-12-25,45,Sousa,rise,0.026,0.0262,cooling,0.0,-1,-3,0.3,low
2025-12-25,46,Yasin,rise,0.044,0.0437,cooling,0.0035,0,0,0.1,low
2025-12-25,47,Rogers,fall,1.0,-1.0,imminent,-0.9998,-959,3805,19.9,mid_high
2025-12-25,48,Tielemans,fall,0.16,-0.1596,cooling,-0.0758,-15,2,0.7,low
2025-12-25,49,Bailey,rise,0.042,0.0424,cooling,0.0,0,0,0.1,low
2025-12-25,50,Buendía,rise,0.191,0.1912,cooling,0.0414,13,-13,0.4,low
2025-12-25,51,Iling Jr,rise,0.042,0.0425,cooling,0.0,0,0,0.0,low
2025-12-25,53,Malen,rise,0.047,0.0468,cooling,0.0345,3,-30,0.8,low
2025-12-25,54,McGinn,fall,0.023,-0.0227,cooling,-0.038,-7,22,0.7,low
2025-12-25,55,Barkley,fall,0.001,-0.0009,cooling,-0.0104,-3,-3,0.0,low
2025-12-25,56,Barrenechea,rise,0.042,0.0425,cooling,0.0,0,0,0.0,low
2025-12-25,57,Dobbin,rise,0.042,0.0425,cooling,0.0,0,0,0.0,low
2025-12-25,58,Kamara,rise,0.013,0.0129,cooling,-0.0483,-4,25,0.6,low
2025-12-25,59,Onana,fall,0.024,-0.0242,cooling,0.0311,-10,27,0.8,low
2025-12-25,60,Broggio,fall,0.093,-0.0933,cooling,-0.0069,-11,-3,0.3,low
2025-12-25,61,Dendoncker,rise,0.025,0.0252,cooling,-0.0069,-1,-2,0.1,low
2025-12-25,62,Jimoh-Aloba,rise,0.016,0.0161,cooling,0.0,-2,-2,0.1,low
2025-12-25,63,Young,rise,0.042,0.0424,cooling,-0.0173,-1,13,0.7,low
2025-12-25,64,Watkins,rise,0.853,0.8527,imminent,0.1609,91,-214,7.3,mid_low
2025-12-25,65,Redmond,rise,0.064,0.0641,cooling,0.0035,2,-2,0.3,low
2025-12-25,389,Elliott,rise,0.025,0.0247,cooling,0.0035,-1,-5,0.2,low
2025-12-25,456,Sancho,rise,0.093,0.0934,cooling,0.0,4,3,0.2,low
2025-12-25,677,Guessand,rise,0.002,0.0018,cooling,-0.0035,-3,-3,0.0,low
2025-12-25,688,Wright,rise,0.177,0.1771,cooling,0.0173,10,8,0.6,low
2025-12-25,701,Rowe,rise,0.028,0.028,cooling,-0.0035,-1,-1,0.1,low
2025-12-25,702,Burrowes,rise,0.051,0.0513,cooling,-0.0035,1,-1,0.1,low
2025-12-25,703,Proctor,fall,0.065,-0.0646,cooling,-0.0173,-13,36,0.6,low
2025-12-25,710,Patterson,rise,0.133,0.133,cooling,0.0,8,-2,0.2,low
2025-12-25,719,Lindelöf,rise,0.025,0.0248,cooling,0.0,-2,4,0.1,low
2025-12-25,754,George Hemmings,rise,0.04,0.0399,cooling,-0.0069,0,0,0.0,low
2025-12-25,757,Hollingshead,rise,0.027,0.0267,cooling,-0.0069,-1,-1,0.0,low
2025-12-25,768,Leon Routh,rise,0.041,0.0412,cooling,-0.0035,0,0,0.0,low
2025-12-25,183,Weiss,rise,0.05,0.05,cooling,-0.0069,1,-1,0.1,low
2025-12-25,184,Green,rise,0.062,0.0615,cooling,-0.0035,2,-2,0.2,low
2025-12-25,185,Hladký,rise,0.083,0.0825,cooling,0.0138,2,8,0.2,low
2025-12-25,186,Roberts,rise,0.028,0.028,cooling,-0.0035,-1,-1,0.0,low
2025-12-25,187,Walker,fall,0.188,-0.1884,cooling,0.0035,-22,18,1.2,low
2025-12-25,188,Delcroix,fall,0.042,-0.0419,cooling,-0.0483,-5,-5,0.3,low
2025-12-25,189,Dodgson,rise,0.042,0.0425,cooling,0.0,0,0,0.0,low
2025-12-25,190,Ekdal,fall,0.156,-0.1565,cooling,0.0104,-21,30,0.9,low
2025-12-25,191,Estève,rise,0.945,0.9449,imminent,0.2726,116,-380,10.9,mid_low
2025-12-25,192,Hartman,rise,0.325,0.3249,cooling,0.1066,20,6,1.0,low
2025-12-25,193,Humphreys,rise,0.038,0.0385,cooling,-0.0104,0,0,0.1,low
2025-12-25,194,Jordan,rise,0.015,0.0148,cooling,-0.0035,-2,-2,0.1,low
2025-12-25,195,Lucas Pires,rise,0.221,0.2213,cooling,0.0483,12,14,0.2,low
2025-12-25,196,Sambo,rise,0.056,0.0555,cooling,0.0035,1,0,0.0,low
2025-12-25,197,Sonne,rise,0.041,0.0406,cooling,0.0311,-4,23,0.3,low
2025-12-25,198,Tuanzebe,rise,0.097,0.0974,cooling,0.0104,10,-45,1.2,low
2025-12-25,199,Worrall,rise,0.093,0.0932,cooling,0.038,2,9,0.2,low
2025-12-25,200,Anthony,rise,0.215,0.2147,cooling,0.0207,22,-63,2.3,low
2025-12-25,201,Benson,rise,0.042,0.0425,cooling,0.0,0,0,0.0,low
2025-12-25,202,Bruun Larsen,rise,0.08,0.0805,cooling,0.0,3,2,0.0,low
2025-12-25,203,Boateng,rise,0.073,0.0727,cooling,0.0104,2,2,0.0,low
2025-12-25,204,Churlinov,rise,0.042,0.0425,cooling,0.0,0,0,0.0,low
2025-12-25,205,Cullen,fall,1.0,-1.0,imminent,-0.093,-86,-28,1.9,low
2025-12-25,206,Edwards,rise,0.112,0.1122,cooling,0.0069,5,6,0.1,low
2025-12-25,207,Hannibal,rise,0.079,0.0788,cooling,0.0035,3,0,0.1,low
2025-12-25,208,Koleosho,rise,0.042,0.0425,cooling,0.0,0,0,0.0,low
2025-12-25,209,Laurent,rise,0.043,0.0426,cooling,-0.0035,0,1,0.0,low
2025-12-25,210,Tchaouna,rise,0.083,0.0832,cooling,0.0035,3,3,0.0,low
2025-12-25,211,A.Ramsey,rise,0.148,0.1475,cooling,0.0483,9,-12,1.6,low
2025-12-25,212,Adewumi,rise,0.042,0.0425,cooling,0.0,0,0,0.0,low
2025-12-25,213,Banel,rise,0.051,0.0508,cooling,0.0104,0,3,0.0,low
2025-12-25,214,Trésor,fall,0.015,-0.015,cooling,0.0069,-6,7,0.1,low
2025-12-25,215,Flemming,rise,0.024,0.0244,cooling,-0.0207,4,-39,0.7,low
2025-12-25,216,Amdouni,rise,0.042,0.0425,cooling,0.0,0,0,0.0,low
2025-12-25,217,Foster,rise,0.561,0.5614,warming,0.1032,47,-48,0.9,low
2025-12-25,218,Barnes,fall,0.338,-0.3376,cooling,0.0449,-35,9,1.2,low
2025-12-25,219,Obafemi,rise,0.046,0.0464,cooling,0.0104,0,0,0.1,low
2025-12-25,470,Dúbravka,fall,0.332,-0.3321,cooling,0.0895,-37,36,33.3,high
2025-12-25,676,Ugochukwu,fall,0.251,-0.2507,cooling,-0.0173,-25,4,0.1,low
2025-12-25,680,Broja,fall,0.231,-0.2311,cooling,0.0311,-27,21,0.2,low
2025-12-25,722,Florentino,fall,0.019,-0.0194,cooling,-0.0207,-4,-5,0.0,low
2025-12-25,66,Neto,rise,0.028,0.028,cooling,-0.0035,-1,-1,0.1,low
2025-12-25,67,Petrović,rise,0.339,0.339,cooling,-0.0586,42,-116,5.4,mid_low
2025-12-25,68,Dennis,rise,0.179,0.1792,cooling,0.0345,11,-3,0.9,low
2025-12-25,69,McKenna,rise,0.018,0.0179,cooling,-0.0138,-3,11,0.2,low
2025-12-25,70,Paulsen,rise,0.042,0.0424,cooling,0.0,0,0,0.1,low
2025-12-25,71,Zabarnyi,rise,0.042,0.0425,cooling,0.0,0,0,0.0,low
2025-12-25,72,Senesi,fall,0.544,-0.5437,warming,-0.0861,-23,-187,16.8,mid_high
2025-12-25,73,Smith,rise,0.111,0.1108,cooling,0.0069,6,-3,0.2,low
2025-12-25,74,Truffert,fall,0.018,-0.0181,cooling,-0.1169,4,-42,2.4,low
2025-12-25,75,Akinmboni,rise,0.003,0.0029,cooling,0.0,-3,-3,0.2,low
2025-12-25,76,Bevan,rise,0.022,0.0216,cooling,0.0069,-2,0,0.2,low
2025-12-25,77,Hill,rise,0.015,0.0146,cooling,0.0242,-3,-1,0.7,low
2025-12-25,78,J.Araujo,fall,0.041,-0.0412,cooling,-0.0069,-7,1,0.8,low
2025-12-25,79,Mepham,rise,0.057,0.0567,cooling,0.0069,1,0,0.1,low
2025-12-25,80,Soler,rise,0.049,0.0493,cooling,0.0069,0,3,0.2,low
2025-12-25,81,Kluivert,rise,0.276,0.2756,cooling,0.0345,19,-1,0.9,low
2025-12-25,82,Semenyo,fall,1.0,-1.0,imminent,-0.8177,-279,1125,46.7,high
2025-12-25,84,Tavernier,rise,0.261,0.2606,cooling,0.0586,4,105,3.2,low
2025-12-25,85,Adams,rise,0.176,0.1763,cooling,0.0483,11,-9,0.3,low
2025-12-25,86,Brooks,rise,0.056,0.0562,cooling,0.0173,0,5,0.2,low
2025-12-25,87,Christie,rise,0.036,0.0358,cooling,-0.0173,0,0,0.1,low
2025-12-25,88,Cook,rise,0.052,0.0518,cooling,-0.0138,1,2,0.0,low
2025-12-25,89,Philip,rise,0.054,0.0542,cooling,0.0,1,0,0.0,low
2025-12-25,90,Scott,rise,0.036,0.0359,cooling,-0.0207,1,-7,0.3,low
2025-12-25,91,Sinisterra,rise,0.042,0.0425,cooling,0.0,0,0,0.0,low
2025-12-25,92,Faivre,rise,0.044,0.0437,cooling,0.0035,0,0,0.1,low
2025-12-25,93,H.Traorè,rise,0.025,0.0249,cooling,-0.0035,-1,-3,0.3,low
2025-12-25,94,Sadi,rise,0.042,0.0425,cooling,0.0,0,0,0.0,low
2025-12-25,95,Silcott-Duberry,rise,0.044,0.0437,cooling,0.0035,0,0,0.1,low
2025-12-25,96,Winterburn,rise,0.054,0.0542,cooling,0.0,1,0,0.0,low
2025-12-25,97,Evanilson,fall,0.099,-0.0988,cooling,-0.038,14,-200,1.9,low
2025-12-25,98,Enes Ünal,rise,0.097,0.0969,cooling,0.0242,3,7,0.0,low
2025-12-25,99,Adu-Adjei,rise,0.036,0.0359,cooling,0.0173,-1,-1,0.1,low
2025-12-25,100,Kroupi.Jr,rise,0.851,0.8508,imminent,0.2854,69,-72,4.2,low
2025-12-25,391,Gannon-Doak,rise,0.044,0.0438,cooling,0.0035,0,0,0.0,low
2025-12-25,685,Diakité,rise,0.128,0.1283,cooling,0.0035,8,-6,0.4,low
2025-12-25,687,Rees-Dottin,rise,0.063,0.0631,cooling,0.0276,0,7,0.1,low
2025-12-25,697,Adli,rise,0.029,0.0294,cooling,0.0,-1,-1,0.0,low
2025-12-25,713,A.Jimenez,rise,0.058,0.0579,cooling,0.0138,1,-1,0.1,low
2025-12-25,721,Milosavljević,rise,0.011,0.0108,cooling,-0.0104,-2,-3,0.0,low
2025-12-25,756,DaCosta,rise,0.035,0.0349,cooling,0.0069,-1,1,0.0,low
2025-12-25,27,Nelson,rise,0.005,0.0047,cooling,-0.0069,-3,0,0.1,low
2025-12-25,83,O.Dango,rise,0.497,0.4973,warming,0.0,56,-138,0.7,low
2025-12-25,101,Kelleher,fall,0.481,-0.4812,warming,0.0414,-60,117,8.3,mid_low
2025-12-25,102,Balcombe,rise,0.003,0.0028,cooling,0.0,-3,-3,0.3,low
2025-12-25,103,Cox,rise,0.046,0.0462,cooling,-0.0242,1,1,0.2,low
2025-12-25,104,Eyestone,rise,0.09,0.0897,cooling,0.0207,3,3,0.1,low
2025-12-25,105,Valdimarsson,rise,0.128,0.128,cooling,0.038,6,1,0.7,low
2025-12-25,106,Collins,rise,0.09,0.0902,cooling,0.1135,-1,12,1.6,low
2025-12-25,107,Lewis-Potter,fall,1.0,-1.0,imminent,-0.1943,-183,691,1.2,low
2025-12-25,108,Ajer,rise,0.026,0.0264,cooling,-0.0035,-1,-2,0.2,low
2025-12-25,109,Henry,rise,0.022,0.0223,cooling,-0.0104,-2,5,0.1,low
2025-12-25,110,Kayode,fall,0.219,-0.2187,cooling,-0.0552,-19,-12,0.7,low
2025-12-25,111,Pinnock,rise,0.067,0.0671,cooling,0.0035,2,0,0.1,low
2025-12-25,112,Roerslev,rise,0.054,0.0542,cooling,0.0,1,0,0.0,low
2025-12-25,113,Van den Berg,fall,0.391,-0.3913,cooling,-0.1101,-36,21,1.3,low
2025-12-25,114,Arthur,rise,0.095,0.0946,cooling,0.0069,4,2,0.2,low
2025-12-25,115,Fredrick,rise,0.015,0.0148,cooling,-0.0035,-2,-2,0.1,low
2025-12-25,116,Hickey,rise,0.181,0.1812,cooling,0.0276,11,0,0.5,low
2025-12-25,117,Ji-soo,rise,0.028,0.028,cooling,-0.0035,-1,-1,0.1,low
2025-12-25,118,Meghoma,rise,0.042,0.0425,cooling,0.0,0,0,0.0,low
2025-12-25,120,Schade,fall,0.411,-0.4111,cooling,0.0207,-43,29,0.8,low
2025-12-25,121,Damsgaard,rise,0.069,0.0691,cooling,0.0173,2,-2,0.6,low
2025-12-25,122,Milambo,rise,0.042,0.0425,cooling,0.0,0,0,0.0,low
2025-12-25,123,Carvalho,rise,0.022,0.0216,cooling,0.0104,-2,-1,0.1,low
2025-12-25,124,Henderson,fall,0.264,-0.264,cooling,-0.0621,-26,15,0.5,low
2025-12-25,125,Janelt,fall,0.066,-0.0662,cooling,-0.0242,-9,4,0.0,low
2025-12-25,126,Jensen,fall,0.057,-0.0575,cooling,-0.0207,-7,-7,0.1,low
2025-12-25,127,Nunes,rise,0.071,0.0714,cooling,0.0069,2,2,0.0,low
2025-12-25,128,Onyeka,rise,0.044,0.0438,cooling,0.0035,0,0,0.0,low
2025-12-25,129,Yarmoliuk,rise,0.109,0.1085,cooling,0.0242,4,7,0.1,low
2025-12-25,130,Donovan,rise,0.073,0.0726,cooling,0.0104,2,2,0.1,low
2025-12-25,131,Konak,rise,0.062,0.0615,cooling,0.0242,-1,15,0.2,low
2025-12-25,132,Maghoma,rise,0.052,0.0522,cooling,0.0104,0,4,0.0,low
2025-12-25,133,Peart-Harris,rise,0.032,0.0321,cooling,0.0035,-1,0,0.0,low
2025-12-25,134,Trevitt,rise,0.042,0.0425,cooling,0.0,0,0,0.0,low
2025-12-25,136,Thiago,rise,1.0,1.0,imminent,0.9935,681,-2836,31.1,high
2025-12-25,137,Morgan,fall,0.005,-0.0048,cooling,0.038,-6,6,0.4,low
2025-12-25,748,Dasilva,rise,0.042,0.0425,cooling,0.0,0,0,0.0,low
2025-12-25,138,Steele,rise,0.037,0.0366,cooling,-0.0035,0,-3,0.3,low
2025-12-25,139,Verbruggen,rise,0.534,0.5344,warming,-0.1237,47,-4,5.3,mid_low
2025-12-25,140,McGill,fall,0.123,-0.1233,cooling,0.0069,-15,5,0.3,low
2025-12-25,141,Rushworth,rise,0.042,0.0425,cooling,0.0,0,0,0.0,low
2025-12-25,142,Scherpen,rise,0.042,0.0425,cooling,0.0,0,0,0.0,low
2025-12-25,143,Boscagli,rise,0.011,0.0111,cooling,-0.0207,-2,0,0.1,low
2025-12-25,144,Coppola,rise,0.025,0.0253,cooling,-0.0104,-1,-1,0.1,low
2025-12-25,145,De Cuyper,fall,0.261,-0.2615,cooling,-0.0827,-34,88,2.3,low
2025-12-25,146,Dunk,rise,0.044,0.0439,cooling,-0.0173,1,-2,0.9,low
2025-12-25,147,Estupiñan,rise,0.042,0.0425,cooling,0.0,0,0,0.0,low
2025-12-25,148,F.Kadıoğlu,rise,0.286,0.2855,cooling,-0.0449,24,-14,0.2,low
2025-12-25,150,Lamptey,rise,0.051,0.0513,cooling,-0.0035,1,-1,0.1,low
2025-12-25,151,Van Hecke,rise,1.0,1.0,imminent,0.0793,178,-531,4.1,low
2025-12-25,152,Veltman,rise,0.025,0.0253,cooling,-0.0104,-1,-1,0.1,low
2025-12-25,153,Webster,rise,0.045,0.0453,cooling,0.0035,0,1,0.0,low
2025-12-25,154,Cashin,rise,0.042,0.0425,cooling,0.0,0,0,0.0,low
2025-12-25,155,Slater,rise,0.044,0.0437,cooling,0.0035,0,0,0.1,low
2025-12-25,156,Tasker,fall,0.022,-0.0221,cooling,0.0035,-6,3,0.1,low
2025-12-25,157,Mitoma,fall,0.068,-0.0679,cooling,-0.0449,-5,-23,1.8,low
2025-12-25,158,Georginio,rise,0.13,0.13,cooling,-0.0311,11,-20,0.4,low
2025-12-25,159,March,rise,0.028,0.028,cooling,-0.0035,-1,-1,0.0,low
2025-12-25,160,Minteh,rise,0.999,0.9989,imminent,-0.0069,135,-425,6.5,mid_low
2025-12-25,161,Enciso,rise,0.042,0.0425,cooling,0.0,0,0,0.0,low
2025-12-25,162,Gruda,rise,0.046,0.0458,cooling,-0.0104,1,-3,0.1,low
2025-12-25,163,Hinshelwood,rise,0.123,0.1229,cooling,-0.0035,7,0,0.1,low
2025-12-25,164,O'Riley,rise,0.054,0.0538,cooling,0.0035,1,-1,0.3,low
2025-12-25,165,Sima,rise,0.042,0.0425,cooling,0.0,0,0,0.0,low
2025-12-25,166,Ayari,fall,0.036,-0.0359,cooling,-0.0173,-6,-1,0.2,low
2025-12-25,167,Baleba,rise,0.349,0.3493,cooling,0.0586,29,-37,1.5,low
2025-12-25,169,Gomez,fall,0.094,-0.0945,cooling,-0.0104,-11,-3,0.1,low
2025-12-25,170,Milner,rise,0.061,0.061,cooling,0.0104,1,2,0.1,low
2025-12-25,171,Sarmiento,rise,0.042,0.0425,cooling,0.0,0,0,0.0,low
2025-12-25,172,Watson,rise,0.015,0.015,cooling,-0.0069,-2,-1,0.0,low
2025-12-25,173,Wieffer,rise,0.262,0.2617,cooling,-0.0242,25,-44,0.4,low
2025-12-25,174,Yalcouye,rise,0.042,0.0425,cooling,0.0,0,0,0.0,low
2025-12-25,175,Knight,rise,0.156,0.1565,cooling,0.0276,7,15,0.1,low
2025-12-25,176,Mazilu,rise,0.042,0.0425,cooling,0.0,0,0,0.0,low
2025-12-25,177,Moran,rise,0.042,0.0425,cooling,0.0,0,0,0.0,low
2025-12-25,178,Welbeck,rise,1.0,1.0,imminent,0.449,308,-1062,5.5,mid_low
2025-12-25,179,Ferguson,rise,0.042,0.0425,cooling,0.0,0,0,0.0,low
2025-12-25,180,Tzimas,rise,0.026,0.0264,cooling,0.0,-1,-3,0.1,low
2025-12-25,181,Kostoulas,rise,0.192,0.1915,cooling,0.0276,11,7,0.3,low
2025-12-25,744,Oriola,rise,0.093,0.093,cooling,0.0138,3,7,0.0,low
2025-12-25,761,Simmonds,rise,0.047,0.0467,cooling,0.0035,0,2,0.0,low
2025-12-25,168,Buonanotte,rise,0.025,0.0252,cooling,-0.0069,-1,-2,0.1,low
2025-12-25,220,Sánchez,rise,0.05,0.0502,cooling,-0.0207,16,-110,14.8,mid_low
2025-12-25,221,Jörgensen,rise,0.096,0.0959,cooling,0.0104,4,2,0.2,low
2025-12-25,222,Penders,rise,0.042,0.0425,cooling,0.0,0,0,0.0,low
2025-12-25,223,Slonina,rise,0.088,0.088,cooling,-0.0069,4,1,0.1,low
2025-12-25,224,Cucurella,rise,0.681,0.6814,warming,0.2208,115,-534,22.2,mid_high
2025-12-25,225,James,fall,0.634,-0.6336,warming,-0.4379,-68,204,9.7,mid_low
2025-12-25,226,Chalobah,fall,0.595,-0.5946,warming,-0.7412,-49,163,19.0,mid_high
2025-12-25,227,Colwill,rise,0.05,0.0499,cooling,-0.0035,1,-2,0.1,low
2025-12-25,228,Gusto,rise,0.016,0.0161,cooling,-0.2142,10,-41,2.6,low
2025-12-25,229,B.Badiashile,rise,0.053,0.0529,cooling,-0.0035,1,0,0.0,low
2025-12-25,230,Fofana,fall,0.137,-0.1368,cooling,-0.093,-13,6,0.5,low
2025-12-25,231,M.Sarr,rise,0.042,0.0425,cooling,0.0,0,0,0.0,low
2025-12-25,232,Tosin,rise,0.093,0.0927,cooling,0.0173,4,-2,0.3,low
2025-12-25,233,Acheampong,fall,0.006,-0.006,cooling,-0.0138,-1,-21,1.4,low
2025-12-25,234,Anselmino,rise,0.028,0.028,cooling,-0.0035,-1,-1,0.1,low
2025-12-25,235,Palmer,fall,0.522,-0.5224,warming,-0.0793,-67,179,11.5,mid_low
2025-12-25,236,Neto,fall,0.166,-0.1663,cooling,-0.1508,17,-237,9.0,mid_low
2025-12-25,237,Enzo,rise,0.682,0.6825,imminent,0.2043,93,-358,9.9,mid_low
2025-12-25,238,Estêvão,rise,0.148,0.1476,cooling,0.0104,12,-26,1.9,low
2025-12-25,239,Gittens,rise,0.047,0.0465,cooling,0.0069,0,1,0.1,low
2025-12-25,240,Nkunku,rise,0.042,0.0424,cooling,0.0,0,0,0.1,low
2025-12-25,241,Caicedo,fall,0.463,-0.4634,cooling,-0.0104,-45,22,8.9,mid_low
2025-12-25,243,George,rise,0.032,0.032,cooling,0.0035,-1,0,0.1,low
2025-12-25,244,Lavia,rise,0.028,0.028,cooling,-0.0035,-1,-1,0.0,low
2025-12-25,245,Mudryk,rise,0.041,0.0412,cooling,-0.0035,0,0,0.0,low
2025-12-25,246,Andrey Santos,rise,0.016,0.0158,cooling,-0.0311,-1,-2,0.3,low
2025-12-25,247,D.Essugo,rise,0.057,0.0569,cooling,0.0035,1,1,0.1,low
2025-12-25,248,Paez,rise,0.042,0.0425,cooling,0.0,0,0,0.0,low
2025-12-25,249,João Pedro,rise,1.0,1.0,imminent,0.5401,169,-675,29.1,mid_high
2025-12-25,250,Delap,rise,0.018,0.0176,cooling,0.0173,-3,3,0.9,low
2025-12-25,251,N.Jackson,rise,0.028,0.028,cooling,-0.0035,-1,-1,0.1,low
2025-12-25,252,Marc Guiu,rise,0.666,0.666,imminent,0.3322,77,-275,7.8,mid_low
2025-12-25,453,Garnacho,rise,0.275,0.2749,cooling,-0.0104,21,-6,0.6,low
2025-12-25,672,Hato,fall,0.03,-0.0299,cooling,-0.0173,-5,-5,0.2,low
2025-12-25,743,Emenalo,rise,0.054,0.0542,cooling,0.0,1,0,0.0,low
2025-12-25,253,Henderson,rise,0.808,0.8082,imminent,0.1237,79,-137,8.6,mid_low
2025-12-25,254,Benitez,rise,0.02,0.0203,cooling,0.0,-2,1,0.3,low
2025-12-25,255,Matthews,rise,0.051,0.0513,cooling,-0.0035,1,-1,0.1,low
2025-12-25,256,Muñoz,rise,1.0,1.0,imminent,0.8299,235,-695,8.4,mid_low
2025-12-25,257,Lacroix,rise,0.755,0.7554,imminent,0.4038,71,-184,6.9,mid_low
2025-12-25,258,Mitchell,rise,0.168,0.1676,cooling,0.0895,14,-49,2.4,low
2025-12-25,259,Sosa,rise,0.061,0.061,cooling,0.0104,1,2,0.1,low
2025-12-25,260,Guéhi,rise,0.466,0.4664,cooling,0.0518,31,53,41.0,high
2025-12-25,261,Richards,rise,1.0,1.0,imminent,0.7427,167,-586,4.1,low
2025-12-25,262,Chadi Riad,rise,0.041,0.0411,cooling,0.0,0,-1,0.0,low
2025-12-25,263,Clyne,rise,0.062,0.0618,cooling,0.0069,0,12,0.8,low
2025-12-25,264,Holding,rise,0.042,0.0425,cooling,0.0,0,0,0.0,low
2025-12-25,265,Kporha,rise,0.056,0.0555,cooling,0.0035,1,0,0.0,low
2025-12-25,267,Sarr,rise,0.29,0.2896,cooling,0.0276,33,-102,2.3,low
2025-12-25,268,Doucouré,rise,0.042,0.0425,cooling,0.0,0,0,0.0,low
2025-12-25,269,Esse,rise,0.068,0.0676,cooling,0.0276,1,2,0.1,low
2025-12-25,270,Hughes,rise,0.031,0.0312,cooling,-0.0138,-1,4,0.1,low
2025-12-25,271,Kamada,rise,0.002,0.0021,cooling,-0.0104,-2,-9,0.1,low
2025-12-25,272,Lerma,rise,0.028,0.028,cooling,-0.0035,-1,-1,0.1,low
2025-12-25,273,Wharton,rise,0.172,0.1718,cooling,0.0449,1,70,0.8,low
2025-12-25,274,Agbinone,rise,0.014,0.0137,cooling,-0.0138,-2,0,0.1,low
2025-12-25,275,Ahamada,rise,0.019,0.0192,cooling,-0.0035,-2,1,0.0,low
2025-12-25,276,Devenny,fall,0.245,-0.2449,cooling,-0.0861,-35,108,1.4,low
2025-12-25,277,Ebiowei,rise,0.042,0.0425,cooling,0.0,0,0,0.0,low
2025-12-25,278,J.Rak-Sakyi,rise,0.042,0.0425,cooling,0.0,0,0,0.0,low
2025-12-25,279,M.França,rise,0.042,0.0425,cooling,0.0,0,0,0.0,low
2025-12-25,280,Ozoh,rise,0.042,0.0425,cooling,0.0,0,0,0.0,low
2025-12-25,281,Rodney,rise,0.031,0.0308,cooling,0.0,-1,0,0.0,low
2025-12-25,282,Umeh,rise,0.042,0.0425,cooling,0.0,0,0,0.0,low
2025-12-25,283,Mateta,rise,0.321,0.3209,cooling,0.5962,146,-1139,13.7,mid_low
2025-12-25,284,Nketiah,rise,0.263,0.2628,cooling,0.0655,27,-83,0.6,low
2025-12-25,285,Édouard,rise,0.041,0.0409,cooling,0.0,0,-1,0.2,low
2025-12-25,286,Marsh,rise,0.046,0.0459,cooling,-0.0173,1,-1,0.3,low
2025-12-25,690,Cardines,rise,0.071,0.0705,cooling,0.0242,2,-3,0.3,low
2025-12-25,712,Yeremy,fall,0.013,-0.0131,cooling,-0.0035,-4,-5,0.3,low
2025-12-25,723,Canvot,rise,0.054,0.0542,cooling,0.0,1,0,0.0,low
2025-12-25,732,Uche,fall,0.003,-0.0028,cooling,0.0,-4,1,0.0,low
2025-12-25,762,Drakes-Thomas,rise,0.031,0.0309,cooling,-0.0035,-1,1,0.0,low
2025-12-25,242,Dewsbury-Hall,rise,1.0,1.0,imminent,0.6072,208,-747,5.5,mid_low
2025-12-25,287,Pickford,fall,0.313,-0.3125,cooling,-0.0827,-57,244,11.0,mid_low
2025-12-25,288,Travers,rise,0.019,0.0189,cooling,0.0035,-2,-1,0.1,low
2025-12-25,289,Tyrer,rise,0.084,0.0843,cooling,0.0104,3,2,0.1,low
2025-12-25,290,Branthwaite,rise,0.044,0.0437,cooling,0.0035,0,0,0.1,low
2025-12-25,291,Tarkowski,fall,0.956,-0.9563,imminent,-0.3834,-109,297,7.9,mid_low
2025-12-25,292,Mykolenko,fall,0.33,-0.3298,cooling,0.0,-37,42,0.5,low
2025-12-25,293,O'Brien,rise,0.12,0.1205,cooling,0.093,-4,62,0.4,low
2025-12-25,294,Coleman,rise,0.051,0.0513,cooling,-0.0035,1,-1,0.1,low
2025-12-25,295,Keane,fall,1.0,-1.0,imminent,-0.6872,-336,1045,4.5,low
2025-12-25,296,Patterson,rise,0.031,0.0308,cooling,0.0,-1,0,0.0,low
2025-12-25,297,Dixon,rise,0.024,0.0242,cooling,-0.0207,-1,1,0.2,low
2025-12-25,298,Welch,rise,0.049,0.0494,cooling,0.0069,0,3,0.1,low
2025-12-25,299,Ndiaye,rise,1.0,1.0,imminent,0.4841,128,-321,4.2,low
2025-12-25,300,McNeil,fall,0.113,-0.1132,cooling,0.0414,-18,27,0.1,low
2025-12-25,301,Alcaraz,fall,0.369,-0.3694,cooling,0.0173,-39,26,0.1,low
2025-12-25,302,Gana,rise,0.104,0.1035,cooling,0.0069,5,0,0.1,low
2025-12-25,303,Garner,fall,0.165,-0.1652,cooling,0.0242,-30,93,0.6,low
2025-12-25,304,Iroegbunam,rise,0.041,0.0407,cooling,0.0069,-1,5,0.0,low
2025-12-25,305,Armstrong,rise,0.044,0.0438,cooling,0.0035,0,0,0.0,low
2025-12-25,306,Bates,rise,0.126,0.1258,cooling,0.0311,5,9,0.1,low
2025-12-25,307,Ebere,rise,0.015,0.0152,cooling,-0.0104,-2,0,0.0,low
2025-12-25,308,Heath,rise,0.042,0.0425,cooling,0.0,0,0,0.0,low
2025-12-25,309,Metcalfe,rise,0.042,0.0425,cooling,0.0,0,0,0.0,low
2025-12-25,310,Barry,fall,0.229,-0.2292,cooling,0.038,-31,53,0.4,low
2025-12-25,311,Beto,rise,0.159,0.1594,cooling,0.0895,7,2,2.5,low
2025-12-25,312,Y.Chermiti,rise,0.042,0.0424,cooling,0.0,0,0,0.1,low
2025-12-25,313,Sherif,rise,0.031,0.0306,cooling,0.0035,-1,-1,0.1,low
2025-12-25,419,Grealish,fall,1.0,-1.0,imminent,-0.0998,-203,510,10.6,mid_low
2025-12-25,630,King,fall,0.082,-0.0824,cooling,0.0242,-11,-3,1.4,low
2025-12-25,667,Aznou,rise,0.019,0.019,cooling,0.0,-2,0,0.1,low
2025-12-25,704,Onyango,rise,0.028,0.028,cooling,-0.0035,-1,-1,0.1,low
2025-12-25,705,Campbell,rise,0.039,0.0394,cooling,0.0,0,-2,0.2,low
2025-12-25,707,Dibling,rise,0.032,0.0321,cooling,0.0035,-1,0,0.0,low
2025-12-25,728,Röhl,rise,0.018,0.0178,cooling,-0.0035,-2,0,0.0,low
2025-12-25,314,Leno,rise,0.014,0.0136,cooling,-0.038,1,-17,1.8,low
2025-12-25,315,Benda,rise,0.042,0.0425,cooling,0.0,0,0,0.0,low
2025-12-25,316,Robinson,fall,0.174,-0.1737,cooling,-0.1373,-21,57,0.6,low
2025-12-25,317,Andersen,rise,0.208,0.2082,cooling,-0.1169,7,93,6.7,mid_low
2025-12-25,318,Bassey,fall,0.003,-0.0029,cooling,-0.0242,2,-41,0.4,low
2025-12-25,319,Castagne,rise,0.084,0.0836,cooling,-0.0069,4,-2,0.1,low
2025-12-25,320,Diop,rise,0.038,0.0377,cooling,0.0069,-1,3,0.1,low
2025-12-25,321,J.Cuenca,rise,0.009,0.0089,cooling,0.0,-3,1,0.0,low
2025-12-25,322,Tete,rise,0.092,0.0919,cooling,-0.1066,0,63,0.9,low
2025-12-25,323,Amissah,rise,0.011,0.0109,cooling,-0.0138,-2,-2,0.1,low
2025-12-25,324,Iwobi,fall,0.025,-0.0251,cooling,-0.0138,4,-75,0.9,low
2025-12-25,325,Smith Rowe,fall,0.503,-0.503,warming,-0.069,-52,62,0.9,low
2025-12-25,326,Adama,rise,0.048,0.0485,cooling,-0.0035,1,-3,0.1,low
2025-12-25,327,Andreas,rise,0.042,0.0424,cooling,0.0,0,0,0.1,low
2025-12-25,328,Sessegnon,rise,0.117,0.1173,cooling,-0.0035,9,-20,0.2,low
2025-12-25,329,Wilson,rise,1.0,1.0,imminent,-0.093,194,-580,19.1,mid_high
2025-12-25,330,Berge,rise,0.038,0.0385,cooling,-0.0104,0,0,0.1,low
2025-12-25,331,Cairney,rise,0.042,0.0425,cooling,0.0,0,0,0.0,low
2025-12-25,332,Lukić,rise,0.095,0.095,cooling,0.0,4,4,0.1,low
2025-12-25,333,Godo,rise,0.054,0.0542,cooling,0.0,1,0,0.0,low
2025-12-25,334,Harris,rise,0.042,0.0425,cooling,0.0,0,0,0.0,low
2025-12-25,335,King,fall,0.172,-0.1725,cooling,0.0311,-15,-34,2.8,low
2025-12-25,336,Reed,fall,0.074,-0.0743,cooling,-0.0069,-9,-6,0.3,low
2025-12-25,337,Raúl,rise,0.416,0.4164,warming,0.191,40,-114,2.5,low
2025-12-25,338,Muniz,rise,0.129,0.1289,cooling,0.0173,7,-1,0.7,low
2025-12-25,664,Lecomte,rise,0.073,0.0725,cooling,0.0035,3,-4,0.7,low
2025-12-25,727,Chukwueze,fall,0.065,-0.0651,cooling,-0.0311,-2,-50,0.2,low
2025-12-25,731,Kevin,rise,0.028,0.0284,cooling,-0.0207,-2,12,0.1,low
2025-12-25,737,Kusi-Asare,rise,0.05,0.0505,cooling,0.0173,0,1,0.1,low
2025-12-25,770,Ridgeon,rise,0.029,0.0293,cooling,-0.0345,0,0,0.0,low
2025-12-25,339,Meslier,rise,0.003,0.0026,cooling,0.0035,-3,-4,0.4,low
2025-12-25,340,Cairns,rise,0.042,0.0422,cooling,0.0035,0,-1,0.2,low
2025-12-25,341,Darlow,rise,0.17,0.1702,cooling,-0.0242,11,7,2.1,low
2025-12-25,342,Bogle,rise,0.036,0.0363,cooling,0.0035,-1,3,0.2,low
2025-12-25,343,Struijk,rise,0.092,0.092,cooling,-0.0035,4,3,0.3,low
2025-12-25,344,Bijol,rise,0.017,0.0166,cooling,-0.0483,-9,68,0.5,low
2025-12-25,345,Bornauw,rise,0.036,0.0357,cooling,-0.0138,0,-1,0.1,low
2025-12-25,346,Byram,rise,0.08,0.0799,cooling,0.0104,3,-1,0.2,low
2025-12-25,347,Gudmundsson,rise,0.022,0.0218,cooling,-0.1101,-9,90,3.9,low
2025-12-25,348,Rodon,fall,0.038,-0.0376,cooling,-0.0104,-6,-1,5.3,mid_low
2025-12-25,349,Schmidt,rise,0.042,0.0424,cooling,0.0,0,0,0.1,low
2025-12-25,350,Aaronson,rise,0.012,0.0119,cooling,-0.0069,-3,5,0.1,low
2025-12-25,351,Gnonto,rise,0.053,0.0527,cooling,0.0,1,-1,0.1,low
2025-12-25,352,Harrison,rise,0.035,0.0348,cooling,0.0069,-1,1,0.1,low
2025-12-25,353,James,fall,0.043,-0.043,cooling,-0.0173,-6,-6,0.1,low
2025-12-25,354,Ampadu,fall,0.115,-0.1146,cooling,0.0,-18,37,0.1,low
2025-12-25,355,Greenwood,rise,0.042,0.0425,cooling,0.0,0,0,0.0,low
2025-12-25,356,Gruev,fall,0.018,-0.0176,cooling,-0.0311,-4,-1,0.0,low
2025-12-25,357,Ramazani,rise,0.054,0.0542,cooling,0.0,1,0,0.0,low
2025-12-25,358,Tanaka,rise,0.095,0.0948,cooling,-0.038,5,6,0.3,low
2025-12-25,359,Crew,rise,0.042,0.0425,cooling,0.0,0,0,0.0,low
2025-12-25,360,Gelhardt,rise,0.042,0.0425,cooling,0.0,0,0,0.0,low
2025-12-25,361,Gyabi,rise,0.015,0.0149,cooling,-0.0035,-2,-2,0.0,low
2025-12-25,362,Piroe,rise,0.066,0.0655,cooling,0.0,2,0,0.4,low
2025-12-25,363,Bamford,rise,0.081,0.0811,cooling,0.0138,3,-1,0.4,low
2025-12-25,364,Mateo Joseph,rise,0.054,0.0542,cooling,0.0,1,0,0.0,low
2025-12-25,365,Nmecha,fall,0.063,-0.063,cooling,0.0449,-7,-28,0.5,low
2025-12-25,493,Longstaff,rise,0.056,0.0557,cooling,0.0,3,-15,0.3,low
2025-12-25,660,Stach,fall,1.0,-1.0,imminent,-0.2175,-213,579,2.5,low
2025-12-25,665,Perri,fall,0.04,-0.0403,cooling,-0.0138,-6,-5,0.2,low
2025-12-25,691,Calvert-Lewin,fall,1.0,-1.0,imminent,-0.705,-268,1249,7.9,mid_low
2025-12-25,698,Okafor,fall,0.075,-0.0748,cooling,-0.0276,-9,-1,0.1,low
2025-12-25,706,Justin,rise,0.122,0.1215,cooling,-0.0069,7,0,0.2,low
2025-12-25,741,Gray,fall,0.014,-0.0135,cooling,0.0104,-5,-1,0.1,low
2025-12-25,366,A.Becker,fall,0.065,-0.0653,cooling,-0.0069,-34,206,6.1,mid_low
2025-12-25,367,Mamardashvili,rise,0.004,0.004,cooling,-0.0276,0,-19,0.6,low
2025-12-25,368,Pécsi,rise,0.111,0.1106,cooling,0.0104,6,-4,0.3,low
2025-12-25,369,Woodman,rise,0.048,0.0485,cooling,-0.0069,1,-2,0.2,low
2025-12-25,370,Frimpong,fall,0.241,-0.2408,cooling,-0.0035,-68,358,4.7,low
2025-12-25,371,Kerkez,fall,0.167,-0.1671,cooling,-0.0035,-26,68,3.0,low
2025-12-25,372,Robertson,rise,0.054,0.0542,cooling,0.0173,1,-4,1.0,low
2025-12-25,373,Virgil,fall,1.0,-1.0,imminent,-0.5735,-195,559,24.6,mid_high
2025-12-25,374,Konaté,fall,0.045,-0.045,cooling,0.038,-48,320,3.5,low
2025-12-25,375,Bradley,rise,0.016,0.0156,cooling,0.0173,-1,-15,0.2,low
2025-12-25,376,Gomez,rise,0.08,0.0803,cooling,0.0035,4,-7,0.2,low
2025-12-25,377,Tsimikas,rise,0.042,0.0425,cooling,0.0,0,0,0.0,low
2025-12-25,378,Nallo,rise,0.043,0.0429,cooling,0.0207,0,-5,0.3,low
2025-12-25,379,R.Williams,rise,0.086,0.0862,cooling,0.0,4,-2,0.2,low
2025-12-25,380,Ramsay,rise,0.085,0.0851,cooling,0.0242,3,-1,0.3,low
2025-12-25,381,M.Salah,rise,0.849,0.8486,imminent,0.3863,81,-191,15.1,mid_high
2025-12-25,382,Wirtz,fall,1.0,-1.0,imminent,-0.9068,-347,1447,8.9,mid_low
2025-12-25,383,Luis Díaz,rise,0.042,0.0425,cooling,0.0,0,0,0.0,low
2025-12-25,384,Gakpo,rise,0.649,0.6493,warming,0.2273,64,-155,5.4,mid_low
2025-12-25,385,Chiesa,fall,0.279,-0.279,cooling,-0.0518,-29,26,0.3,low
2025-12-25,386,Mac Allister,fall,0.326,-0.326,cooling,-0.1609,-39,104,1.4,low
2025-12-25,387,Szoboszlai,rise,1.0,1.0,imminent,0.46,201,-610,4.7,low
2025-12-25,388,C.Jones,rise,0.002,0.0019,cooling,-0.0621,-6,37,0.2,low
2025-12-25,390,Gravenberch,fall,1.0,-1.0,imminent,-0.3596,-201,603,5.1,mid_low
2025-12-25,392,Endo,rise,0.04,0.0396,cooling,-0.0035,0,-1,0.1,low
2025-12-25,393,Bajcetic,rise,0.051,0.0514,cooling,-0.0035,1,-1,0.0,low
2025-12-25,394,McConnell,rise,0.028,0.028,cooling,-0.0035,-1,-1,0.0,low
2025-12-25,395,Morton,rise,0.042,0.0425,cooling,0.0,0,0,0.0,low
2025-12-25,396,Nyoni,rise,0.046,0.046,cooling,0.0138,0,-1,0.4,low
2025-12-25,397,Darwin,rise,0.054,0.0541,cooling,0.0,1,0,0.1,low
2025-12-25,398,Danns,rise,0.041,0.0411,cooling,-0.0035,0,0,0.1,low
2025-12-25,499,Isak,rise,0.409,0.4086,warming,0.1237,43,-125,4.0,low
2025-12-25,661,Ekitiké,fall,1.0,-1.0,imminent,-0.9999,-1232,5225,30.9,high
2025-12-25,686,Ngumoha,fall,0.094,-0.0939,cooling,-0.0173,-15,32,0.7,low
2025-12-25,692,Leoni,rise,0.042,0.0425,cooling,0.0,0,0,0.0,low
2025-12-25,746,Morrison,rise,0.021,0.0206,cooling,0.0,-2,1,0.0,low
2025-12-25,760,Lucky,rise,0.031,0.0308,cooling,0.0,-1,0,0.0,low
2025-12-25,182,Trafford,rise,0.119,0.1189,cooling,0.0069,7,-5,1.0,low
2025-12-25,399,Ederson M.,rise,0.018,0.0179,cooling,0.0138,-2,-4,0.9,low
2025-12-25,400,Ortega Moreno,rise,0.016,0.0161,cooling,0.0,-2,-2,0.2,low
2025-12-25,401,Bettinelli,rise,0.057,0.0567,cooling,0.0069,1,0,0.1,low
2025-12-25,402,Aït-Nouri,fall,0.007,-0.0067,cooling,0.0964,-3,-33,3.9,low
2025-12-25,403,Gvardiol,fall,0.59,-0.5896,warming,-0.2598,-68,187,9.1,mid_low
2025-12-25,404,Akanji,rise,0.059,0.0592,cooling,0.0138,1,0,0.3,low
2025-12-25,405,Aké,rise,0.117,0.1172,cooling,0.0207,6,-2,0.6,low
2025-12-25,406,Khusanov,rise,0.03,0.0304,cooling,0.0035,-1,-1,0.3,low
2025-12-25,407,Matheus N.,rise,0.424,0.4237,warming,0.0655,-1,256,2.2,low
2025-12-25,408,Rúben,fall,0.451,-0.4508,cooling,-0.2404,-48,115,7.3,mid_low
2025-12-25,409,Stones,rise,0.075,0.075,cooling,0.0173,3,-6,0.6,low
2025-12-25,410,Lewis,rise,0.164,0.1643,cooling,0.0345,10,-5,1.3,low
2025-12-25,411,O'Reilly,fall,0.28,-0.2798,cooling,-0.2886,-43,208,11.3,mid_low
2025-12-25,412,Vitor Reis,rise,0.042,0.0425,cooling,0.0,0,0,0.0,low
2025-12-25,413,Marmoush,rise,0.066,0.0662,cooling,0.0552,2,-13,2.4,low
2025-12-25,414,Foden,fall,1.0,-1.0,imminent,-0.9502,-290,1180,41.0,high
2025-12-25,415,Savinho,rise,0.113,0.1126,cooling,0.0276,5,1,0.4,low
2025-12-25,416,Bernardo,rise,0.11,0.1096,cooling,-0.0104,5,9,0.5,low
2025-12-25,417,Cherki,fall,0.143,-0.143,cooling,-0.3775,-88,689,8.6,mid_low
2025-12-25,418,Doku,rise,0.404,0.4044,warming,0.2306,92,-553,3.9,low
2025-12-25,420,Gündoğan,rise,0.042,0.0424,cooling,0.0,0,0,0.1,low
2025-12-25,421,Rodrigo,rise,0.081,0.0812,cooling,0.0104,3,0,0.4,low
2025-12-25,422,Kovačić,rise,0.028,0.028,cooling,-0.0035,-1,-1,0.0,low
2025-12-25,423,N.Gonzalez,fall,0.041,-0.0413,cooling,-0.0242,-6,-3,0.1,low
2025-12-25,424,Bobb,rise,0.093,0.0929,cooling,0.0138,4,-1,0.2,low
2025-12-25,425,Echeverri,rise,0.042,0.0425,cooling,0.0,0,0,0.0,low
2025-12-25,427,Reijnders,rise,0.173,0.1735,cooling,0.0311,-6,138,11.8,mid_low
2025-12-25,428,Nypan,rise,0.044,0.0438,cooling,0.0035,0,0,0.0,low
2025-12-25,429,Phillips,rise,0.031,0.0307,cooling,0.0,-1,0,0.1,low
2025-12-25,430,Haaland,fall,0.226,-0.2261,cooling,-0.1339,-43,227,74.1,high
2025-12-25,736,Donnarumma,fall,0.533,-0.5334,warming,-0.1271,-43,-11,10.2,mid_low
2025-12-25,739,Mukasa,rise,0.057,0.057,cooling,0.0035,1,1,0.0,low
2025-12-25,740,Mfuni,rise,0.029,0.0294,cooling,0.0,-1,-1,0.0,low
2025-12-25,742,McAidoo,rise,0.032,0.0321,cooling,0.0035,-1,0,0.0,low
2025-12-25,763,Gray,rise,0.058,0.0583,cooling,0.0069,1,1,0.0,low
2025-12-25,764,Heskey,rise,0.042,0.0425,cooling,0.0,0,0,0.0,low
2025-12-25,119,Mbeumo,rise,1.0,1.0,imminent,0.7489,432,-1248,11.6,mid_low
2025-12-25,431,Bayindir,rise,0.07,0.0696,cooling,0.0104,2,0,0.3,low
2025-12-25,432,Onana,fall,0.001,-0.001,cooling,-0.0104,-3,-3,0.1,low
2025-12-25,433,Harrison,rise,0.042,0.0425,cooling,0.0,0,0,0.0,low
2025-12-25,434,Heaton,rise,0.055,0.0551,cooling,0.0069,1,-1,0.3,low
2025-12-25,435,Mee,rise,0.055,0.0554,cooling,0.0035,1,0,0.1,low
2025-12-25,436,De Ligt,rise,0.314,0.3145,cooling,0.0861,30,-76,2.3,low
2025-12-25,437,Martinez,fall,0.01,-0.0101,cooling,-0.0483,-5,17,0.2,low
2025-12-25,438,Mazraoui,rise,0.052,0.0516,cooling,-0.0104,2,-7,0.2,low
2025-12-25,439,D.Leon,rise,0.042,0.0424,cooling,0.0,0,0,0.1,low
2025-12-25,440,Dalot,fall,0.119,-0.1195,cooling,0.0758,-23,55,1.8,low
2025-12-25,441,Dorgu,rise,0.096,0.0961,cooling,0.0552,-2,40,2.2,low
2025-12-25,442,Maguire,rise,0.075,0.075,cooling,0.0207,3,-7,0.5,low
2025-12-25,443,Shaw,rise,0.029,0.0292,cooling,0.0586,-4,8,0.6,low
2025-12-25,444,Yoro,rise,0.135,0.1352,cooling,-0.0035,10,-15,1.4,low
2025-12-25,445,Amass,rise,0.042,0.0424,cooling,0.0,0,0,0.1,low
2025-12-25,446,Fredricson,rise,0.029,0.0294,cooling,-0.0035,-1,0,0.1,low
2025-12-25,447,Heaven,fall,0.018,-0.0178,cooling,-0.0964,-12,82,1.8,low
2025-12-25,448,Malacia,fall,0.039,-0.0386,cooling,0.0104,-7,-2,0.4,low
2025-12-25,449,B.Fernandes,rise,1.0,1.0,imminent,1.0,2173,-8734,22.2,mid_high
2025-12-25,450,Cunha,fall,1.0,-1.0,imminent,-0.9941,-543,2281,6.8,mid_low
2025-12-25,451,Rashford,rise,0.042,0.0425,cooling,0.0,0,0,0.0,low
2025-12-25,452,Amad,rise,0.063,0.0629,cooling,0.0449,9,-70,1.1,low
2025-12-25,454,Antony,rise,0.044,0.0437,cooling,0.0035,0,0,0.1,low
2025-12-25,455,Mount,rise,0.34,0.3401,cooling,0.1203,-3,199,0.9,low
2025-12-25,457,Casemiro,rise,0.047,0.0473,cooling,0.0724,-13,90,1.0,low
2025-12-25,458,Mainoo,rise,0.023,0.0228,cooling,0.0207,1,-27,0.4,low
2025-12-25,459,Ugarte,fall,0.057,-0.0573,cooling,0.0069,-9,2,0.1,low
2025-12-25,460,Collyer,rise,0.044,0.0438,cooling,0.0035,0,0,0.0,low
2025-12-25,461,Fitzgerald,rise,0.042,0.0425,cooling,0.0,0,0,0.0,low
2025-12-25,462,J.Fletcher,rise,0.072,0.0719,cooling,-0.0104,2,7,0.1,low
2025-12-25,463,Kone,rise,0.093,0.0934,cooling,0.0035,4,2,0.1,low
2025-12-25,464,Moorhouse,rise,0.042,0.0425,cooling,0.0,0,0,0.0,low
2025-12-25,465,Højlund,rise,0.045,0.0449,cooling,0.0069,0,0,0.3,low
2025-12-25,466,Zirkzee,rise,0.182,0.1816,cooling,0.0242,13,-15,0.5,low
2025-12-25,467,Obi,fall,0.055,-0.0551,cooling,-0.1305,-10,49,1.8,low
2025-12-25,468,Wheatley,rise,0.042,0.0424,cooling,0.0,0,0,0.1,low
2025-12-25,681,Šeško,fall,0.109,-0.1094,cooling,0.0345,-16,17,3.1,low
2025-12-25,733,Lammens,rise,0.072,0.0725,cooling,0.0069,9,-53,1.6,low
2025-12-25,755,Lacey,fall,0.01,-0.0095,cooling,-0.0138,-4,0,0.0,low
2025-12-25,769,Bendito Mantato,rise,0.057,0.057,cooling,0.0035,1,1,0.0,low
2025-12-25,52,J.Ramsey,rise,0.012,0.0125,cooling,-0.0207,-2,1,0.2,low
2025-12-25,135,Wissa,fall,0.106,-0.1062,cooling,-0.0104,-9,-27,0.6,low
2025-12-25,469,Pope,rise,0.259,0.2588,cooling,0.1305,31,-133,4.7,low
2025-12-25,471,Gillespie,rise,0.084,0.0842,cooling,0.0138,3,1,0.1,low
2025-12-25,472,Odysseas,rise,0.042,0.0425,cooling,0.0,0,0,0.0,low
2025-12-25,473,Hall,rise,0.2,0.2002,cooling,-0.0311,11,29,1.1,low
2025-12-25,474,Schär,rise,0.004,0.0037,cooling,-0.069,4,-40,1.7,low
2025-12-25,475,Botman,rise,0.107,0.1075,cooling,0.0483,4,0,0.3,low
2025-12-25,476,Burn,rise,1.0,1.0,imminent,0.3656,165,-595,5.1,mid_low
2025-12-25,477,Livramento,rise,0.204,0.2035,cooling,0.201,30,-183,2.7,low
2025-12-25,478,Trippier,rise,0.122,0.1218,cooling,0.0449,8,-21,1.3,low
2025-12-25,479,Krafth,rise,0.04,0.0397,cooling,-0.0035,0,-1,0.0,low
2025-12-25,480,Lascelles,rise,0.053,0.0525,cooling,0.0035,1,-2,0.1,low
2025-12-25,481,A.Murphy,fall,0.024,-0.0242,cooling,0.0069,-6,1,0.7,low
2025-12-25,482,Ashby,rise,0.016,0.016,cooling,0.0035,-2,-3,0.1,low
2025-12-25,483,Pivas,fall,0.052,-0.0524,cooling,-0.0069,-7,-7,0.4,low
2025-12-25,484,Targett,rise,0.054,0.0539,cooling,0.0035,1,-1,0.2,low
2025-12-25,485,Gordon,fall,1.0,-1.0,imminent,-0.5426,-239,767,3.4,low
2025-12-25,486,Elanga,rise,0.138,0.1382,cooling,0.0,10,-13,2.9,low
2025-12-25,487,Barnes,fall,0.045,-0.0445,cooling,-0.0104,2,-73,1.2,low
2025-12-25,488,Bruno G.,rise,0.364,0.3641,cooling,0.0964,65,-321,13.7,mid_low
2025-12-25,489,J.Murphy,fall,0.263,-0.2628,cooling,-0.0518,-23,-11,0.8,low
2025-12-25,490,Joelinton,rise,0.013,0.0135,cooling,-0.0104,-2,-1,0.3,low
2025-12-25,491,Tonali,rise,0.006,0.0062,cooling,0.0,-6,24,1.0,low
2025-12-25,492,Antoñito C.,rise,0.042,0.0425,cooling,0.0,0,0,0.0,low
2025-12-25,494,Willock,rise,0.104,0.1043,cooling,0.0207,4,5,0.1,low
2025-12-25,495,Hayden,rise,0.042,0.0425,cooling,0.0,0,0,0.0,low
2025-12-25,496,Kuol,rise,0.042,0.0425,cooling,0.0,0,0,0.0,low
2025-12-25,497,L.Miley,fall,0.212,-0.2119,cooling,-0.4267,-46,311,3.0,low
2025-12-25,498,White,rise,0.042,0.0425,cooling,0.0,0,0,0.0,low
2025-12-25,500,Osula,rise,0.086,0.0861,cooling,0.0035,4,-3,0.2,low
2025-12-25,501,Neave,rise,0.061,0.0607,cooling,0.0138,1,1,0.2,low
2025-12-25,674,Ramsdale,rise,0.166,0.166,cooling,0.0104,14,-30,0.9,low
2025-12-25,684,Thiaw,rise,0.789,0.7889,imminent,0.1032,63,-19,2.6,low
2025-12-25,689,Seung soo,rise,0.054,0.0541,cooling,-0.0035,1,1,0.2,low
2025-12-25,714,Woltemade,fall,1.0,-1.0,imminent,-0.0518,-145,398,18.2,mid_high
2025-12-25,753,Ruddy,rise,0.054,0.0542,cooling,0.0,1,0,0.0,low
2025-12-25,765,Shahar,rise,0.023,0.0235,cooling,0.0,-2,3,0.0,low
2025-12-25,12,Zinchenko,rise,0.042,0.0425,cooling,-0.0035,0,1,0.2,low
2025-12-25,426,McAtee,rise,0.029,0.0293,cooling,0.0,-1,-1,0.1,low
2025-12-25,502,Sels,rise,0.435,0.4354,warming,0.2501,36,-82,6.1,mid_low
2025-12-25,503,C.Miguel,rise,0.057,0.0567,cooling,0.0069,1,0,0.1,low
2025-12-25,504,Turner,rise,0.042,0.0424,cooling,0.0,0,0,0.1,low
2025-12-25,505,Milenković,fall,0.079,-0.0794,cooling,0.0793,-4,-71,3.4,low
2025-12-25,506,Murillo,rise,0.066,0.0658,cooling,0.0138,6,-35,1.9,low
2025-12-25,507,Aina,fall,0.123,-0.1233,cooling,-0.0173,-11,-20,2.0,low
2025-12-25,508,N.Williams,rise,0.373,0.3729,warming,0.1203,31,-52,3.5,low
2025-12-25,509,David Carmo,rise,0.042,0.0425,cooling,0.0,0,0,0.0,low
2025-12-25,510,Jair Cunha,rise,0.042,0.0424,cooling,0.0,0,0,0.1,low
2025-12-25,511,Morato,rise,0.04,0.0405,cooling,0.0104,-1,4,0.1,low
2025-12-25,512,O.Richards,rise,0.042,0.0425,cooling,0.0,0,0,0.0,low
2025-12-25,513,Abbott,fall,0.085,-0.0852,cooling,0.0,-13,17,0.3,low
2025-12-25,514,Boly,fall,0.005,-0.005,cooling,0.0104,-4,-3,0.4,low
2025-12-25,515,Gibbs-White,rise,0.269,0.269,cooling,0.1339,22,-55,2.9,low
2025-12-25,516,Hudson-Odoi,rise,0.307,0.3073,cooling,0.0758,19,10,0.9,low
2025-12-25,517,Anderson,rise,0.285,0.2854,cooling,0.0242,27,-54,4.7,low
2025-12-25,518,Jota,rise,0.042,0.0425,cooling,0.0,0,0,0.0,low
2025-12-25,519,Dominguez,rise,0.042,0.0425,cooling,0.0,0,0,0.0,low
2025-12-25,520,O'Brien,rise,0.042,0.0425,cooling,0.0,0,0,0.0,low
2025-12-25,521,Sangaré,rise,0.051,0.0513,cooling,-0.0035,1,-1,0.1,low
2025-12-25,522,Yates,rise,0.038,0.0382,cooling,-0.0035,0,-2,0.1,low
2025-12-25,523,Da Silva Moreira,rise,0.042,0.0424,cooling,0.0,0,0,0.1,low
2025-12-25,524,Stamenic,rise,0.042,0.0425,cooling,0.0,0,0,0.0,low
2025-12-25,525,Wood,rise,0.169,0.1689,cooling,0.0345,14,-32,5.0,mid_low
2025-12-25,526,Igor Jesus,fall,0.07,-0.0701,cooling,-0.0276,0,-70,1.1,low
2025-12-25,527,Awoniyi,fall,0.063,-0.0634,cooling,-0.0242,-8,-2,0.3,low
2025-12-25,669,Ndoye,rise,0.395,0.3949,warming,0.0621,32,-31,0.8,low
2025-12-25,675,Gunn,fall,0.052,-0.0515,cooling,-0.0104,-7,-5,1.2,low
2025-12-25,693,Hutchinson,rise,0.005,0.0051,cooling,0.0173,-4,2,0.1,low
2025-12-25,696,Kalimuendo,rise,0.015,0.0148,cooling,-0.0035,-2,-2,0.1,low
2025-12-25,699,Douglas Luiz,rise,0.128,0.1285,cooling,0.038,5,9,0.0,low
2025-12-25,715,John,rise,0.026,0.0264,cooling,-0.0104,-2,8,0.4,low
2025-12-25,716,Savona,rise,0.079,0.0792,cooling,0.0311,3,-7,0.2,low
2025-12-25,729,Cuiabano,rise,0.042,0.0425,cooling,0.0,0,0,0.0,low
2025-12-25,734,Bakwa,rise,0.028,0.0282,cooling,-0.0069,-1,0,0.0,low
2025-12-25,528,Patterson,rise,0.093,0.0932,cooling,0.0069,4,1,0.2,low
2025-12-25,529,Moore,rise,0.037,0.0366,cooling,-0.0069,0,-2,0.4,low
2025-12-25,530,Nna Noukeu,rise,0.019,0.019,cooling,0.0,-2,0,0.1,low
2025-12-25,531,Ballard,fall,0.674,-0.674,warming,-0.2822,-84,261,4.0,low
2025-12-25,532,Hume,fall,0.08,-0.0801,cooling,-0.0483,-10,9,0.3,low
2025-12-25,533,Alese,rise,0.054,0.0542,cooling,0.0,1,0,0.0,low
2025-12-25,534,Anderson,rise,0.193,0.1933,cooling,0.0207,12,2,0.4,low
2025-12-25,535,Cirkin,fall,0.023,-0.0228,cooling,-0.0104,-5,-2,0.0,low
2025-12-25,536,Hjelde,rise,0.002,0.002,cooling,-0.0104,-3,-1,0.0,low
2025-12-25,537,Huggins,rise,0.042,0.0424,cooling,0.0,0,0,0.1,low
2025-12-25,538,Johnson,rise,0.074,0.0736,cooling,0.0207,2,0,0.2,low
2025-12-25,539,O'Nien,rise,0.053,0.0529,cooling,-0.0035,1,0,0.0,low
2025-12-25,540,Pembele,rise,0.133,0.1329,cooling,-0.0035,8,-1,0.4,low
2025-12-25,541,Reinildo,rise,0.017,0.017,cooling,0.0104,14,-132,3.0,low
2025-12-25,542,Seelt,rise,0.04,0.0396,cooling,-0.0035,0,-1,0.1,low
2025-12-25,543,Adingra,fall,0.05,-0.0505,cooling,-0.0207,-7,-2,0.4,low
2025-12-25,544,Diarra,rise,0.053,0.0529,cooling,-0.0035,1,0,0.0,low
2025-12-25,545,Roberts,rise,0.044,0.0438,cooling,0.0035,0,0,0.0,low
2025-12-25,546,Aleksić,rise,0.042,0.0425,cooling,0.0,0,0,0.0,low
2025-12-25,547,E.Le Fée,rise,0.039,0.0388,cooling,-0.1743,-9,117,0.9,low
2025-12-25,548,Mundle,rise,0.042,0.0425,cooling,0.0,0,0,0.0,low
2025-12-25,549,Neil,rise,0.027,0.0267,cooling,-0.0069,-1,-1,0.0,low
2025-12-25,550,Poveda,rise,0.005,0.0047,cooling,-0.0035,-3,-1,0.0,low
2025-12-25,551,Rigg,rise,0.034,0.0336,cooling,0.0035,-1,1,0.0,low
2025-12-25,552,Sadiki,rise,0.024,0.0237,cooling,-0.0069,-1,-3,0.1,low
2025-12-25,553,Talbi,rise,0.106,0.1056,cooling,0.0276,5,-4,0.2,low
2025-12-25,554,Ba,rise,0.116,0.1158,cooling,0.0242,6,-4,0.4,low
2025-12-25,555,Browne,rise,0.045,0.0451,cooling,0.0069,0,0,0.0,low
2025-12-25,556,Ekwah,rise,0.042,0.0425,cooling,0.0,0,0,0.0,low
2025-12-25,557,H.Jones,rise,0.019,0.019,cooling,0.0,-2,0,0.1,low
2025-12-25,558,Matete,rise,0.073,0.0727,cooling,0.0069,2,3,0.2,low
2025-12-25,559,Triantis,rise,0.042,0.0425,cooling,0.0,0,0,0.0,low
2025-12-25,560,Isidor,rise,0.516,0.5159,warming,0.0138,58,-144,2.4,low
2025-12-25,561,Mayenda,rise,0.082,0.0817,cooling,-0.0035,4,-4,0.5,low
2025-12-25,562,Abdullahi,rise,0.088,0.0877,cooling,-0.0035,5,-8,0.4,low
2025-12-25,563,Luís Hemir,rise,0.053,0.0527,cooling,0.0,1,-1,0.1,low
2025-12-25,564,Rusyn,rise,0.077,0.0775,cooling,0.0,3,0,0.1,low
2025-12-25,668,Xhaka,fall,0.103,-0.1029,cooling,-0.0311,-37,211,6.6,mid_low
2025-12-25,670,Roefs,fall,0.541,-0.5414,warming,-0.3566,-75,303,9.7,mid_low
2025-12-25,678,Masuaku,rise,0.24,0.2399,cooling,0.0242,17,-7,0.6,low
2025-12-25,683,Alderete,fall,0.376,-0.3757,cooling,-0.1542,-70,321,5.2,mid_low
2025-12-25,694,Mukiele,rise,0.391,0.391,cooling,-0.201,-5,339,6.8,mid_low
2025-12-25,724,Geertruida,rise,0.072,0.0715,cooling,0.0035,2,3,0.0,low
2025-12-25,730,Brobbey,fall,0.027,-0.0273,cooling,-0.0138,-5,-4,0.3,low
2025-12-25,735,Traoré,rise,0.037,0.0368,cooling,-0.0035,0,-3,0.0,low
2025-12-25,565,Vicario,rise,0.212,0.2123,cooling,0.0449,30,-133,7.1,mid_low
2025-12-25,566,Austin,rise,0.033,0.0333,cooling,0.0035,-1,1,0.3,low
2025-12-25,567,Kinsky,fall,0.033,-0.0332,cooling,0.0311,-6,-11,1.8,low
2025-12-25,568,Pedro Porro,rise,0.76,0.7601,imminent,0.2662,83,-238,12.8,mid_low
2025-12-25,569,Romero,rise,0.759,0.7586,imminent,0.0964,100,-337,3.8,low
2025-12-25,570,Danso,rise,0.014,0.0136,cooling,-0.0104,-2,-1,0.1,low
2025-12-25,571,Davies,rise,0.067,0.0671,cooling,0.0035,2,0,0.1,low
2025-12-25,572,Dragusin,rise,0.041,0.0412,cooling,-0.0035,0,0,0.0,low
2025-12-25,573,Spence,rise,0.093,0.0926,cooling,0.0069,5,-7,1.1,low
2025-12-25,574,Udogie,fall,0.012,-0.0119,cooling,0.0035,-4,-6,0.3,low
2025-12-25,575,Van de Ven,rise,0.231,0.2311,cooling,0.4573,75,-582,26.6,mid_high
2025-12-25,576,Phillips,rise,0.028,0.028,cooling,-0.0035,-1,-1,0.0,low
2025-12-25,577,Takai,rise,0.028,0.028,cooling,-0.0035,-1,-1,0.0,low
2025-12-25,578,Vuskovic,rise,0.083,0.0826,cooling,0.0138,3,0,0.3,low
2025-12-25,579,Son,rise,0.054,0.0541,cooling,0.0,1,0,0.1,low
2025-12-25,580,Johnson,rise,0.033,0.0334,cooling,0.0,2,-21,2.5,low
2025-12-25,581,Maddison,rise,0.054,0.0541,cooling,0.0,1,0,0.1,low
2025-12-25,582,Kudus,rise,1.0,1.0,imminent,0.3951,133,-164,14.4,mid_low
2025-12-25,583,Kulusevski,rise,0.028,0.028,cooling,-0.0035,-1,-1,0.0,low
2025-12-25,584,Tel,rise,0.003,0.0031,cooling,-0.0035,-3,-2,0.1,low
2025-12-25,585,Bentancur,fall,0.032,-0.0315,cooling,-0.0138,-5,-7,0.2,low
2025-12-25,586,Bergvall,fall,0.019,-0.0195,cooling,-0.0242,-4,-4,0.2,low
2025-12-25,587,Bissouma,rise,0.042,0.0425,cooling,0.0,0,0,0.0,low
2025-12-25,588,Odobert,rise,0.038,0.0384,cooling,-0.0069,0,-1,0.0,low
2025-12-25,589,Solomon,rise,0.042,0.0425,cooling,0.0,0,0,0.0,low
2025-12-25,590,Bryan,rise,0.042,0.0425,cooling,0.0,0,0,0.0,low
2025-12-25,591,Gray,rise,0.104,0.1038,cooling,0.0,5,2,0.1,low
2025-12-25,592,Moore,rise,0.042,0.0425,cooling,0.0,0,0,0.0,low
2025-12-25,593,P.M.Sarr,rise,0.35,0.3499,cooling,0.0552,29,-36,0.9,low
2025-12-25,594,Min-hyeok,rise,0.042,0.0425,cooling,0.0,0,0,0.0,low
2025-12-25,595,Olusesi,rise,0.077,0.0768,cooling,0.0138,2,4,0.2,low
2025-12-25,596,Solanke,rise,0.028,0.0285,cooling,0.0035,-1,-2,0.9,low
2025-12-25,597,Richarlison,rise,0.3,0.2999,cooling,0.0311,38,-133,7.8,mid_low
2025-12-25,598,Lankshear,rise,0.042,0.0425,cooling,0.0,0,0,0.0,low
2025-12-25,599,Scarlett,rise,0.087,0.0871,cooling,0.0069,4,-3,0.6,low
2025-12-25,673,J.Palhinha,rise,0.1,0.0999,cooling,-0.0173,10,-36,1.1,low
2025-12-25,717,Xavi,rise,0.078,0.0781,cooling,0.0173,18,-125,1.1,low
2025-12-25,726,Kolo Muani,rise,0.143,0.1434,cooling,-0.0069,10,-9,0.4,low
2025-12-25,745,Byfield,rise,0.07,0.07,cooling,0.0069,2,1,0.0,low
2025-12-25,750,Rowswell,rise,0.044,0.0438,cooling,0.0035,0,0,0.0,low
2025-12-25,751,Akhamrich,rise,0.057,0.057,cooling,0.0035,1,1,0.0,low
2025-12-25,149,Igor,rise,0.029,0.0294,cooling,-0.0035,-1,0,0.1,low
2025-12-25,600,Areola,fall,0.303,-0.3033,cooling,-0.1474,-22,-21,2.2,low
2025-12-25,601,Foderingham,rise,0.05,0.0496,cooling,0.0,1,-3,0.3,low
2025-12-25,602,Hegyi,rise,0.029,0.0292,cooling,-0.0035,-1,0,0.3,low
2025-12-25,603,Diouf,rise,0.141,0.1415,cooling,0.1169,16,-91,1.6,low
2025-12-25,604,Emerson,rise,0.042,0.0424,cooling,0.0,0,0,0.1,low
2025-12-25,605,Kilman,fall,0.005,-0.0054,cooling,-0.0104,-3,-6,0.2,low
2025-12-25,606,Mavropanos,rise,0.121,0.1212,cooling,0.0035,7,-3,0.1,low
2025-12-25,607,N.Aguerd,rise,0.054,0.0542,cooling,0.0,1,0,0.0,low
2025-12-25,608,Scarles,rise,0.042,0.0425,cooling,0.0,0,0,0.0,low
2025-12-25,609,Todibo,rise,0.01,0.0097,cooling,-0.0207,-2,-1,0.1,low
2025-12-25,610,Wan-Bissaka,rise,0.322,0.3219,cooling,0.0655,39,-137,4.4,low
2025-12-25,611,Casey,rise,0.054,0.0541,cooling,0.0,1,0,0.1,low
2025-12-25,612,L.Paquetá,fall,0.029,-0.0289,cooling,-0.0621,-12,65,1.4,low
2025-12-25,613,Souček,rise,0.144,0.144,cooling,0.0138,8,2,0.2,low
2025-12-25,614,Ward-Prowse,rise,0.037,0.037,cooling,-0.0138,0,0,0.2,low
2025-12-25,615,Summerville,rise,0.05,0.05,cooling,-0.0104,0,8,0.1,low
2025-12-25,616,Álvarez,rise,0.042,0.0425,cooling,0.0,0,0,0.0,low
2025-12-25,617,Cornet,rise,0.042,0.0425,cooling,0.0,0,0,0.0,low
2025-12-25,618,G.Rodriguez,rise,0.019,0.0191,cooling,0.0,-2,0,0.0,low
2025-12-25,619,L.Guilherme,rise,0.042,0.0425,cooling,0.0,0,0,0.0,low
2025-12-25,620,Earthy,rise,0.029,0.0294,cooling,0.0,-1,-1,0.0,low
2025-12-25,621,Irving,rise,0.059,0.059,cooling,-0.0207,1,9,0.3,low
2025-12-25,622,Orford,rise,0.042,0.0424,cooling,0.0,0,0,0.1,low
2025-12-25,623,Potts,rise,0.325,0.3249,cooling,-0.0069,19,44,0.7,low
2025-12-25,624,Bowen,fall,0.893,-0.8929,imminent,-0.3893,-98,253,7.2,mid_low
2025-12-25,625,Füllkrug,rise,0.065,0.065,cooling,0.0104,2,-3,0.6,low
2025-12-25,626,Marshall,rise,0.007,0.0069,cooling,0.0035,-2,-9,0.6,low
2025-12-25,659,Walker-Peters,fall,0.107,-0.1067,cooling,-0.0035,-13,3,0.3,low
2025-12-25,671,Wilson,rise,0.143,0.1434,cooling,0.0035,15,-52,0.8,low
2025-12-25,679,Hermansen,fall,0.058,-0.0577,cooling,-0.0173,-7,-8,0.2,low
2025-12-25,708,M.Fernandes,fall,0.187,-0.1867,cooling,-0.0207,-23,33,0.1,low
2025-12-25,718,S.Magassa,rise,0.013,0.0125,cooling,-0.0173,-2,0,0.0,low
2025-12-25,738,Fabianski,rise,0.08,0.0798,cooling,-0.0173,4,-2,0.0,low
2025-12-25,747,Mayers,rise,0.024,0.024,cooling,-0.0104,-1,-2,0.0,low
2025-12-25,752,Golambeckis,rise,0.08,0.0802,cooling,0.0069,3,0,0.0,low
2025-12-25,758,Mohamadou Kanté,rise,0.041,0.0412,cooling,-0.0035,0,0,0.0,low
2025-12-25,627,Johnstone,rise,0.043,0.043,cooling,-0.0138,1,-4,0.1,low
2025-12-25,628,José Sá,rise,0.165,0.1645,cooling,0.0345,10,-5,1.0,low
2025-12-25,629,Bentley,rise,0.104,0.1036,cooling,0.0,6,-6,0.5,low
2025-12-25,631,Agbadou,fall,0.016,-0.0157,cooling,-0.0069,-4,-6,0.1,low
2025-12-25,632,Doherty,rise,0.067,0.0671,cooling,0.0035,2,0,0.1,low
2025-12-25,633,H.Bueno,rise,0.044,0.0442,cooling,-0.0069,1,-5,0.1,low
2025-12-25,634,Mosquera,rise,0.025,0.0253,cooling,-0.0069,-1,-2,0.0,low
2025-12-25,635,R.Gomes,rise,0.054,0.054,cooling,0.0035,1,-1,0.1,low
2025-12-25,636,S.Bueno,rise,0.05,0.05,cooling,-0.0069,1,-1,0.1,low
2025-12-25,637,Toti,rise,0.08,0.0796,cooling,0.0207,3,-4,0.1,low
2025-12-25,638,Hoever,rise,0.11,0.1095,cooling,-0.1203,1,71,1.4,low
2025-12-25,639,Meupiyou,rise,0.042,0.0425,cooling,0.0,0,0,0.0,low
2025-12-25,640,Pedro Lima,rise,0.064,0.0639,cooling,0.0069,2,-3,0.4,low
2025-12-25,641,Pond,rise,0.084,0.0836,cooling,0.0138,5,-15,1.2,low
2025-12-25,642,Hee Chan,fall,0.055,-0.0554,cooling,0.0,-8,-3,0.1,low
2025-12-25,643,André,rise,0.043,0.0426,cooling,0.0,1,-8,0.1,low
2025-12-25,644,Bellegarde,rise,0.044,0.0438,cooling,0.0035,0,0,0.0,low
2025-12-25,645,Fer López,rise,0.031,0.0308,cooling,0.0,-1,0,0.0,low
2025-12-25,646,Gomes,rise,0.024,0.0243,cooling,-0.0173,0,-8,0.1,low
2025-12-25,647,Guedes,rise,0.044,0.0438,cooling,0.0035,0,0,0.0,low
2025-12-25,648,Munetsi,rise,0.053,0.0526,cooling,0.0035,1,-2,0.0,low
2025-12-25,649,B.Traore,rise,0.042,0.0425,cooling,0.0,0,0,0.0,low
2025-12-25,650,Chirewa,rise,0.068,0.068,cooling,0.0173,2,-3,0.2,low
2025-12-25,651,Edozie,rise,0.101,0.1012,cooling,-0.0173,5,5,0.4,low
2025-12-25,652,Gonzalez,rise,0.007,0.0073,cooling,-0.0998,-1,11,1.4,low
2025-12-25,653,Hodge,rise,0.042,0.0425,cooling,0.0,0,0,0.0,low
2025-12-25,654,Strand Larsen,rise,0.008,0.0083,cooling,0.038,-2,-17,0.9,low
2025-12-25,655,Fábio Silva,rise,0.058,0.0579,cooling,0.0138,1,-1,0.2,low
2025-12-25,656,Kalajdžić,rise,0.042,0.0424,cooling,0.0,0,0,0.1,low
2025-12-25,657,Chiwome,rise,0.082,0.0817,cooling,0.0069,3,1,0.0,low
2025-12-25,658,Fraser,rise,0.234,0.234,cooling,0.0035,18,-13,1.7,low
2025-12-25,663,J.Arias,rise,0.119,0.1192,cooling,0.0173,6,0,0.1,low
2025-12-25,682,Møller Wolfe,rise,0.057,0.0566,cooling,0.0104,1,-1,0.1,low
2025-12-25,695,Tchatchoua,rise,0.056,0.0555,cooling,0.0035,1,0,0.0,low
2025-12-25,709,Krejčí,rise,0.005,0.0045,cooling,0.0,-3,-2,0.0,low
2025-12-25,720,Tolu,rise,0.05,0.0499,cooling,-0.0035,1,-2,0.1,low
2025-12-25,749,Mané,rise,0.04,0.0405,cooling,0.0104,-1,4,0.1,low
2025-12-25,766,Olagunju,rise,0.054,0.0542,cooling,0.0,1,0,0.0,low
2025-12-25,767,Rawlings,rise,0.016,0.0165,cooling,-0.0069,-2,0,0.0,low
