player_id,web_name,prediction_score,direction,confidence,alert_level,trend_score,velocity,net_transfers,ownership,ownership_bucket
1,Raya,-0.5447,fall,0.545,cooling,-0.8984,-393,-484,36.3,high
2,Arrizabalaga,0.0157,rise,0.016,cooling,-0.0521,-12,-15,0.4,low
3,Hein,0.0215,rise,0.022,cooling,-0.0372,-11,-18,0.2,low
4,Setford,0.1121,rise,0.112,cooling,0.1333,36,40,0.3,low
5,Gabriel,-1.0,fall,1.0,imminent,-1.0,-2320,-2829,12.5,mid_low
6,Saliba,1.0,rise,1.0,imminent,1.0,2892,3480,11.3,mid_low
7,Calafiori,1.0,rise,1.0,imminent,1.0,2827,3263,10.3,mid_low
8,J.Timber,1.0,rise,1.0,imminent,1.0,3612,4256,33.6,high
9,Kiwior,0.0406,rise,0.041,cooling,-0.0037,-1,-1,0.0,low
10,Lewis-Skelly,-0.5062,fall,0.506,warming,-0.8846,-388,-469,1.7,low
11,White,-1.0,fall,1.0,imminent,-1.0,-2553,-2986,1.1,low
13,Clarke,0.0878,rise,0.088,cooling,0.0892,23,22,0.5,low
14,Kacurri,0.0269,rise,0.027,cooling,-0.0298,-8,-8,0.1,low
15,Nichols,0.0255,rise,0.025,cooling,-0.0298,-11,-10,0.2,low
16,Saka,-1.0,fall,1.0,imminent,-1.0,-2238,-2504,22.2,mid_high
17,Ødegaard,0.2799,rise,0.28,cooling,0.4406,129,162,1.6,low
18,Madueke,-0.385,fall,0.385,cooling,-0.7397,-272,-310,0.8,low
19,Martinelli,-0.5953,fall,0.595,warming,-0.9519,-516,-588,0.9,low
20,Trossard,0.9536,rise,0.954,imminent,0.9984,1000,1147,0.9,low
21,Rice,1.0,rise,1.0,imminent,1.0,18469,21923,24.8,mid_high
22,Merino,-1.0,fall,1.0,imminent,-1.0,-2472,-2866,3.3,low
23,Fábio Vieira,0.0425,rise,0.042,cooling,0.0,0,0,0.0,low
24,Nørgaard,0.0383,rise,0.038,cooling,-0.0074,-2,-4,0.1,low
25,Nwaneri,0.0175,rise,0.018,cooling,-0.0484,-13,-11,0.1,low
26,Zubimendi,-0.1605,fall,0.16,cooling,-0.3659,-108,-153,2.2,low
28,Kabia,0.036,rise,0.036,cooling,-0.0112,-4,-5,0.1,low
29,Sambi,0.0405,rise,0.04,cooling,-0.0037,-1,-1,0.1,low
30,Havertz,0.0228,rise,0.023,cooling,-0.0372,-10,-11,0.3,low
31,G.Jesus,0.0974,rise,0.097,cooling,0.1113,24,26,0.2,low
266,Eze,-1.0,fall,1.0,imminent,-1.0,-9797,-11571,14.9,mid_low
662,Mosquera,0.0099,rise,0.01,cooling,-0.0595,-17,-25,0.1,low
666,Gyökeres,-0.794,fall,0.794,imminent,-0.9955,-837,-986,10.2,mid_low
700,Dowman,-0.0531,fall,0.053,cooling,-0.1805,-50,-55,0.4,low
711,Harriman-Annous,0.0504,rise,0.05,cooling,0.0149,4,5,0.0,low
725,Hincapie,-1.0,fall,1.0,imminent,-1.0,-3330,-3908,2.9,low
759,Salmon,0.0462,rise,0.046,cooling,0.0074,2,1,0.0,low
32,Martinez,-0.1889,fall,0.189,cooling,-0.4316,-127,-119,3.1,low
33,M.Bizot,-0.0453,fall,0.045,cooling,-0.1624,-47,-57,0.4,low
34,Gauci,0.0189,rise,0.019,cooling,-0.0447,-12,-14,0.1,low
35,Marschall,0.0406,rise,0.041,cooling,-0.0037,-1,-1,0.0,low
36,Cash,-1.0,fall,1.0,imminent,-1.0,-2254,-2553,13.0,mid_low
37,Digne,-0.5441,fall,0.544,warming,-0.9149,-442,-514,1.7,low
38,Konsa,-0.7833,fall,0.783,imminent,-0.9942,-822,-968,7.6,mid_low
39,Maatsen,0.1188,rise,0.119,cooling,0.1369,42,64,0.5,low
40,Mings,-0.0598,fall,0.06,cooling,-0.1913,-53,-65,0.6,low
41,Pau,-0.3965,fall,0.396,cooling,-0.7624,-275,-325,0.4,low
42,A.García,0.0138,rise,0.014,cooling,-0.0558,-13,-17,0.2,low
43,Alex Moreno,-0.3162,fall,0.316,cooling,-0.6366,-212,-253,1.8,low
44,Bogarde,-0.0296,fall,0.03,cooling,-0.1333,-37,-50,0.6,low
45,Sousa,0.0035,rise,0.003,cooling,-0.0744,-20,-21,0.3,low
46,Yasin,0.0315,rise,0.031,cooling,-0.0186,-7,-9,0.1,low
47,Rogers,1.0,rise,1.0,imminent,1.0,33546,40668,20.0,mid_high
48,Tielemans,0.2316,rise,0.232,cooling,0.3464,106,129,0.7,low
49,Bailey,0.0403,rise,0.04,cooling,-0.0037,-1,-2,0.1,low
50,Buendía,-0.3185,fall,0.318,cooling,-0.6388,-214,-267,0.4,low
51,Iling Jr,0.0406,rise,0.041,cooling,-0.0037,-1,-1,0.0,low
53,Malen,-0.3669,fall,0.367,cooling,-0.7078,-258,-305,0.8,low
54,McGinn,0.4477,rise,0.448,warming,0.6984,257,313,0.7,low
55,Barkley,0.0212,rise,0.021,cooling,-0.0409,-11,-11,0.0,low
56,Barrenechea,0.0425,rise,0.042,cooling,0.0,0,0,0.0,low
57,Dobbin,0.0406,rise,0.041,cooling,-0.0037,-1,-1,0.0,low
58,Kamara,0.4345,rise,0.435,warming,0.6907,240,284,0.6,low
59,Onana,0.4019,rise,0.402,warming,0.6366,214,269,0.8,low
60,Broggio,0.0447,rise,0.045,cooling,0.0037,2,2,0.3,low
61,Dendoncker,0.0268,rise,0.027,cooling,-0.0298,-8,-9,0.1,low
62,Jimoh-Aloba,0.0413,rise,0.041,cooling,-0.0037,0,2,0.1,low
63,Young,0.2803,rise,0.28,cooling,0.4376,132,159,0.7,low
64,Watkins,-1.0,fall,1.0,imminent,-1.0,-2091,-2446,7.3,mid_low
65,Redmond,0.0103,rise,0.01,cooling,-0.0595,-17,-21,0.3,low
389,Elliott,-0.0256,fall,0.026,cooling,-0.126,-36,-46,0.2,low
456,Sancho,0.0344,rise,0.034,cooling,-0.0186,-3,2,0.2,low
677,Guessand,0.001,rise,0.001,cooling,-0.0781,-22,-25,0.0,low
688,Wright,0.0673,rise,0.067,cooling,0.0484,12,17,0.6,low
701,Rowe,0.0322,rise,0.032,cooling,-0.0186,-6,-6,0.1,low
702,Burrowes,0.0289,rise,0.029,cooling,-0.0261,-7,-7,0.1,low
703,Proctor,0.5736,rise,0.574,warming,0.8719,371,437,0.6,low
710,Patterson,0.0188,rise,0.019,cooling,-0.0409,-13,-22,0.2,low
719,Lindelöf,0.0882,rise,0.088,cooling,0.0855,24,30,0.1,low
754,George Hemmings,0.0402,rise,0.04,cooling,-0.0037,-2,-1,0.0,low
757,Hollingshead,0.0425,rise,0.042,cooling,0.0,0,0,0.0,low
768,Leon Routh,0.0469,rise,0.047,cooling,0.0074,3,3,0.0,low
183,Weiss,0.0237,rise,0.024,cooling,-0.0372,-9,-8,0.1,low
184,Green,-0.0065,fall,0.007,cooling,-0.0892,-26,-37,0.2,low
185,Hladký,0.1338,rise,0.134,cooling,0.1733,48,53,0.2,low
186,Roberts,0.0406,rise,0.041,cooling,-0.0037,-1,-1,0.0,low
187,Walker,0.234,rise,0.234,cooling,0.3594,105,116,1.2,low
188,Delcroix,0.0803,rise,0.08,cooling,0.0669,23,28,0.3,low
189,Dodgson,0.0425,rise,0.042,cooling,0.0,0,0,0.0,low
190,Ekdal,0.3513,rise,0.351,warming,0.5628,180,198,0.9,low
191,Estève,-1.0,fall,1.0,imminent,-1.0,-3548,-4217,10.9,mid_low
192,Hartman,-0.1316,fall,0.132,cooling,-0.3265,-88,-114,1.0,low
193,Humphreys,0.0456,rise,0.046,cooling,0.0037,3,5,0.1,low
194,Jordan,0.0309,rise,0.031,cooling,-0.0223,-6,-5,0.1,low
195,Lucas Pires,0.1366,rise,0.137,cooling,0.1769,51,55,0.2,low
196,Sambo,0.0367,rise,0.037,cooling,-0.0112,-3,-3,0.0,low
197,Sonne,0.2656,rise,0.266,cooling,0.4132,123,142,0.3,low
198,Tuanzebe,-0.5006,fall,0.501,warming,-0.8797,-389,-442,1.2,low
199,Worrall,0.1426,rise,0.143,cooling,0.1841,57,63,0.2,low
200,Anthony,-0.5927,fall,0.593,warming,-0.9447,-506,-608,2.3,low
201,Benson,0.0406,rise,0.041,cooling,-0.0037,-1,-1,0.0,low
202,Bruun Larsen,0.0426,rise,0.043,cooling,0.0,0,1,0.0,low
203,Boateng,0.0772,rise,0.077,cooling,0.0669,18,17,0.0,low
204,Churlinov,0.0406,rise,0.041,cooling,-0.0037,-1,-1,0.0,low
205,Cullen,0.0254,rise,0.025,cooling,-0.0261,-15,1,1.9,low
206,Edwards,0.1172,rise,0.117,cooling,0.1369,42,49,0.1,low
207,Hannibal,0.0166,rise,0.017,cooling,-0.0484,-14,-15,0.1,low
208,Koleosho,0.0425,rise,0.042,cooling,0.0,0,0,0.0,low
209,Laurent,0.0699,rise,0.07,cooling,0.0521,15,14,0.0,low
210,Tchaouna,0.0447,rise,0.045,cooling,0.0,4,5,0.0,low
211,A.Ramsey,-0.2416,fall,0.242,cooling,-0.5125,-160,-198,1.6,low
212,Adewumi,0.0425,rise,0.042,cooling,0.0,0,0,0.0,low
213,Banel,0.0706,rise,0.071,cooling,0.0521,16,16,0.0,low
214,Trésor,0.1438,rise,0.144,cooling,0.1805,61,70,0.1,low
215,Flemming,-0.3937,fall,0.394,cooling,-0.7513,-278,-326,0.7,low
216,Amdouni,0.0425,rise,0.042,cooling,0.0,0,0,0.0,low
217,Foster,-0.5964,fall,0.596,warming,-0.9504,-515,-603,0.9,low
218,Barnes,0.0954,rise,0.095,cooling,0.1076,30,11,1.2,low
219,Obafemi,0.0362,rise,0.036,cooling,-0.0112,-3,-6,0.1,low
470,Dúbravka,0.3558,rise,0.356,cooling,0.5803,222,269,33.3,high
676,Ugochukwu,0.1779,rise,0.178,cooling,0.255,71,84,0.1,low
680,Broja,0.3986,rise,0.399,warming,0.6321,215,251,0.2,low
722,Florentino,0.0119,rise,0.012,cooling,-0.0558,-17,-21,0.0,low
66,Neto,0.0384,rise,0.038,cooling,-0.0074,-2,-3,0.1,low
67,Petrović,-0.8449,fall,0.845,imminent,-0.9973,-939,-1105,5.4,mid_low
68,Dennis,-0.0825,fall,0.083,cooling,-0.234,-65,-77,0.9,low
69,McKenna,0.2237,rise,0.224,cooling,0.3365,100,112,0.2,low
70,Paulsen,0.0363,rise,0.036,cooling,-0.0112,-3,-5,0.1,low
71,Zabarnyi,0.0406,rise,0.041,cooling,-0.0037,-1,-1,0.0,low
72,Senesi,-1.0,fall,1.0,imminent,-0.9999,-1398,-1610,16.8,mid_high
73,Smith,-0.0213,fall,0.021,cooling,-0.1186,-35,-38,0.2,low
74,Truffert,-0.4182,fall,0.418,cooling,-0.7848,-299,-343,2.4,low
75,Akinmboni,-0.0032,fall,0.003,cooling,-0.0892,-23,-21,0.2,low
76,Bevan,0.0247,rise,0.025,cooling,-0.0335,-9,-11,0.2,low
77,Hill,-0.0109,fall,0.011,cooling,-0.0928,-31,-42,0.7,low
78,J.Araujo,0.1782,rise,0.178,cooling,0.2515,74,92,0.8,low
79,Mepham,0.0383,rise,0.038,cooling,-0.0074,-2,-4,0.1,low
80,Soler,0.06,rise,0.06,cooling,0.0335,9,11,0.2,low
81,Kluivert,-0.1766,fall,0.177,cooling,-0.407,-121,-128,0.9,low
82,Semenyo,1.0,rise,1.0,imminent,1.0,9406,11559,46.7,high
84,Tavernier,0.8659,rise,0.866,imminent,0.995,838,972,3.2,low
85,Adams,-0.2285,fall,0.228,cooling,-0.493,-152,-186,0.3,low
86,Brooks,0.0998,rise,0.1,cooling,0.1113,29,30,0.2,low
87,Christie,0.0624,rise,0.062,cooling,0.0372,11,12,0.1,low
88,Cook,0.0624,rise,0.062,cooling,0.0372,10,14,0.0,low
89,Philip,0.0386,rise,0.039,cooling,-0.0074,-2,-2,0.0,low
90,Scott,-0.0614,fall,0.061,cooling,-0.1913,-60,-59,0.3,low
91,Sinisterra,0.0425,rise,0.042,cooling,0.0,0,0,0.0,low
92,Faivre,0.0345,rise,0.035,cooling,-0.0149,-4,-5,0.1,low
93,H.Traorè,-0.0012,fall,0.001,cooling,-0.0818,-22,-29,0.3,low
94,Sadi,0.0424,rise,0.042,cooling,0.0,0,-1,0.0,low
95,Silcott-Duberry,0.0358,rise,0.036,cooling,-0.0112,-4,-6,0.1,low
96,Winterburn,0.0404,rise,0.04,cooling,-0.0037,-1,-2,0.0,low
97,Evanilson,-1.0,fall,1.0,imminent,-0.9999,-1491,-1729,1.9,low
98,Enes Ünal,0.0518,rise,0.052,cooling,0.0186,4,5,0.0,low
99,Adu-Adjei,0.0255,rise,0.026,cooling,-0.0298,-10,-13,0.1,low
100,Kroupi.Jr,-0.842,fall,0.842,imminent,-0.9977,-933,-1106,4.2,low
391,Gannon-Doak,0.0386,rise,0.039,cooling,-0.0074,-2,-2,0.0,low
685,Diakité,-0.0818,fall,0.082,cooling,-0.2304,-70,-71,0.4,low
687,Rees-Dottin,0.0672,rise,0.067,cooling,0.0447,15,15,0.1,low
697,Adli,0.0265,rise,0.027,cooling,-0.0298,-9,-9,0.0,low
713,A.Jimenez,-0.0729,fall,0.073,cooling,-0.2163,-63,-66,0.1,low
721,Milosavljević,0.0266,rise,0.027,cooling,-0.0298,-9,-8,0.0,low
756,DaCosta,0.051,rise,0.051,cooling,0.0149,5,7,0.0,low
27,Nelson,0.0709,rise,0.071,cooling,0.0521,16,19,0.1,low
83,O.Dango,-0.9501,fall,0.95,imminent,-0.9993,-1137,-1358,0.7,low
101,Kelleher,0.9449,rise,0.945,imminent,0.9982,995,1144,8.3,mid_low
102,Balcombe,0.0116,rise,0.012,cooling,-0.0595,-16,-14,0.3,low
103,Cox,0.0883,rise,0.088,cooling,0.0855,25,29,0.2,low
104,Eyestone,0.0502,rise,0.05,cooling,0.0149,4,4,0.1,low
105,Valdimarsson,-0.0112,fall,0.011,cooling,-0.1039,-26,-27,0.7,low
106,Collins,0.0354,rise,0.035,cooling,-0.0074,1,-24,1.6,low
107,Lewis-Potter,1.0,rise,1.0,imminent,1.0,5735,6818,1.3,low
108,Ajer,-0.0093,fall,0.009,cooling,-0.0965,-27,-34,0.2,low
109,Henry,0.1319,rise,0.132,cooling,0.1697,48,49,0.1,low
110,Kayode,0.0227,rise,0.023,cooling,-0.0409,-5,-12,0.7,low
111,Pinnock,0.0309,rise,0.031,cooling,-0.0223,-6,-5,0.1,low
112,Roerslev,0.0386,rise,0.039,cooling,-0.0074,-2,-2,0.0,low
113,Van den Berg,0.4625,rise,0.463,warming,0.7276,267,316,1.3,low
114,Arthur,0.0422,rise,0.042,cooling,0.0,-1,2,0.2,low
115,Fredrick,0.0269,rise,0.027,cooling,-0.0298,-8,-8,0.1,low
116,Hickey,0.0024,rise,0.002,cooling,-0.0744,-22,-22,0.5,low
117,Ji-soo,0.0231,rise,0.023,cooling,-0.0372,-10,-10,0.1,low
118,Meghoma,0.0404,rise,0.04,cooling,-0.0037,-1,-2,0.0,low
120,Schade,0.4431,rise,0.443,warming,0.6965,256,288,0.8,low
121,Damsgaard,-0.0484,fall,0.048,cooling,-0.1588,-51,-78,0.6,low
122,Milambo,0.0425,rise,0.042,cooling,0.0,0,0,0.0,low
123,Carvalho,0.0149,rise,0.015,cooling,-0.0521,-14,-17,0.1,low
124,Henderson,0.3573,rise,0.357,warming,0.5679,184,215,0.5,low
125,Janelt,0.2094,rise,0.209,cooling,0.3098,91,106,0.0,low
126,Jensen,0.0436,rise,0.044,cooling,0.0074,-2,-7,0.1,low
127,Nunes,0.0482,rise,0.048,cooling,0.0112,3,2,0.0,low
128,Onyeka,0.0269,rise,0.027,cooling,-0.0298,-8,-9,0.0,low
129,Yarmoliuk,0.0776,rise,0.078,cooling,0.0632,20,26,0.1,low
130,Donovan,0.0636,rise,0.064,cooling,0.0409,11,10,0.1,low
131,Konak,0.1956,rise,0.196,cooling,0.286,85,89,0.2,low
132,Maghoma,0.0782,rise,0.078,cooling,0.0669,19,22,0.0,low
133,Peart-Harris,0.0469,rise,0.047,cooling,0.0074,3,3,0.0,low
134,Trevitt,0.0425,rise,0.042,cooling,0.0,0,0,0.0,low
136,Thiago,-1.0,fall,1.0,imminent,-1.0,-26904,-32087,31.1,high
137,Morgan,0.0536,rise,0.054,cooling,0.0298,2,-5,0.4,low
748,Dasilva,0.0425,rise,0.042,cooling,0.0,0,0,0.0,low
138,Steele,-0.0258,fall,0.026,cooling,-0.1296,-36,-37,0.3,low
139,Verbruggen,0.2421,rise,0.242,cooling,0.4039,83,137,5.3,mid_low
140,McGill,0.124,rise,0.124,cooling,0.1552,44,44,0.3,low
141,Rushworth,0.0425,rise,0.042,cooling,0.0,0,0,0.0,low
142,Scherpen,0.0425,rise,0.042,cooling,0.0,0,0,0.0,low
143,Boscagli,0.0491,rise,0.049,cooling,0.0112,4,7,0.1,low
144,Coppola,0.0366,rise,0.037,cooling,-0.0112,-4,0,0.1,low
145,De Cuyper,0.8561,rise,0.856,imminent,0.9936,812,970,2.3,low
146,Dunk,-0.0264,fall,0.026,cooling,-0.126,-40,-37,0.9,low
147,Estupiñan,0.0425,rise,0.042,cooling,0.0,0,0,0.0,low
148,F.Kadıoğlu,-0.0918,fall,0.092,cooling,-0.2445,-78,-84,0.2,low
150,Lamptey,0.0363,rise,0.036,cooling,-0.0112,-3,-5,0.1,low
151,Van Hecke,-1.0,fall,1.0,imminent,-1.0,-4281,-4998,4.1,low
152,Veltman,0.0273,rise,0.027,cooling,-0.0298,-8,-5,0.1,low
153,Webster,0.0444,rise,0.044,cooling,0.0037,1,1,0.0,low
154,Cashin,0.0425,rise,0.042,cooling,0.0,0,0,0.0,low
155,Slater,0.0289,rise,0.029,cooling,-0.0261,-7,-7,0.1,low
156,Tasker,0.0699,rise,0.07,cooling,0.0521,14,17,0.1,low
157,Mitoma,-0.2102,fall,0.21,cooling,-0.4731,-136,-142,1.8,low
158,Georginio,-0.1902,fall,0.19,cooling,-0.4376,-127,-128,0.4,low
159,March,0.0386,rise,0.039,cooling,-0.0074,-2,-2,0.0,low
160,Minteh,-1.0,fall,1.0,imminent,-1.0,-3276,-3821,6.5,mid_low
161,Enciso,0.0443,rise,0.044,cooling,0.0037,1,0,0.0,low
162,Gruda,0.0268,rise,0.027,cooling,-0.0298,-8,-9,0.1,low
163,Hinshelwood,0.0129,rise,0.013,cooling,-0.0595,-14,-11,0.1,low
164,O'Riley,0.0296,rise,0.03,cooling,-0.0223,-7,-11,0.3,low
165,Sima,0.0425,rise,0.042,cooling,0.0,0,0,0.0,low
166,Ayari,0.0671,rise,0.067,cooling,0.0447,15,15,0.2,low
167,Baleba,-0.5277,fall,0.528,warming,-0.9047,-414,-501,1.5,low
169,Gomez,0.0269,rise,0.027,cooling,-0.0298,-8,-8,0.1,low
170,Milner,0.0534,rise,0.053,cooling,0.0223,5,4,0.1,low
171,Sarmiento,0.0425,rise,0.042,cooling,0.0,0,0,0.0,low
172,Watson,0.0505,rise,0.05,cooling,0.0112,7,8,0.0,low
173,Wieffer,-0.4905,fall,0.491,warming,-0.8636,-380,-443,0.4,low
174,Yalcouye,0.0425,rise,0.042,cooling,0.0,0,0,0.0,low
175,Knight,0.1245,rise,0.124,cooling,0.1552,44,46,0.1,low
176,Mazilu,0.0424,rise,0.042,cooling,0.0,0,-1,0.0,low
177,Moran,0.0406,rise,0.041,cooling,-0.0037,-1,-1,0.0,low
178,Welbeck,-1.0,fall,1.0,imminent,-1.0,-8825,-10520,5.5,mid_low
179,Ferguson,0.0425,rise,0.042,cooling,0.0,0,0,0.0,low
180,Tzimas,0.0283,rise,0.028,cooling,-0.0261,-7,-11,0.1,low
181,Kostoulas,0.0608,rise,0.061,cooling,0.0298,12,20,0.3,low
744,Oriola,0.0741,rise,0.074,cooling,0.0595,17,18,0.0,low
761,Simmonds,0.0469,rise,0.047,cooling,0.0074,2,6,0.0,low
168,Buonanotte,0.0602,rise,0.06,cooling,0.0335,10,9,0.1,low
220,Sánchez,-0.8273,fall,0.827,imminent,-0.9958,-894,-1044,14.8,mid_low
221,Jörgensen,0.0352,rise,0.035,cooling,-0.0112,-4,-10,0.2,low
222,Penders,0.0425,rise,0.042,cooling,0.0,0,0,0.0,low
223,Slonina,0.0467,rise,0.047,cooling,0.0112,0,0,0.1,low
224,Cucurella,-1.0,fall,1.0,imminent,-1.0,-4475,-5338,22.2,mid_high
225,James,1.0,rise,1.0,imminent,1.0,1818,2280,9.7,mid_low
226,Chalobah,1.0,rise,1.0,imminent,1.0,1993,2485,19.0,mid_high
227,Colwill,0.0228,rise,0.023,cooling,-0.0372,-10,-12,0.1,low
228,Gusto,-0.304,fall,0.304,cooling,-0.6162,-214,-210,2.6,low
229,B.Badiashile,0.0327,rise,0.033,cooling,-0.0186,-5,-6,0.0,low
230,Fofana,0.2572,rise,0.257,cooling,0.3851,115,183,0.5,low
231,M.Sarr,0.0443,rise,0.044,cooling,0.0037,1,0,0.0,low
232,Tosin,-0.0388,fall,0.039,cooling,-0.1515,-44,-49,0.3,low
233,Acheampong,-0.2367,fall,0.237,cooling,-0.5098,-159,-173,1.4,low
234,Anselmino,0.0366,rise,0.037,cooling,-0.0112,-3,-3,0.1,low
235,Palmer,1.0,rise,1.0,imminent,1.0,1770,2200,11.5,mid_low
236,Neto,-1.0,fall,1.0,imminent,-1.0,-1730,-1959,9.0,mid_low
237,Enzo,-1.0,fall,1.0,imminent,-1.0,-3252,-3764,9.9,mid_low
238,Estêvão,-0.3654,fall,0.365,cooling,-0.7096,-252,-299,1.9,low
239,Gittens,0.0239,rise,0.024,cooling,-0.0372,-10,-4,0.1,low
240,Nkunku,0.038,rise,0.038,cooling,-0.0074,-3,-3,0.1,low
241,Caicedo,0.4416,rise,0.442,warming,0.7311,251,243,8.9,mid_low
243,George,0.0443,rise,0.044,cooling,0.0037,1,1,0.1,low
244,Lavia,0.0348,rise,0.035,cooling,-0.0149,-4,-4,0.0,low
245,Mudryk,0.0462,rise,0.046,cooling,0.0074,2,1,0.0,low
246,Andrey Santos,0.0265,rise,0.027,cooling,-0.0372,-5,3,0.3,low
247,D.Essugo,0.0424,rise,0.042,cooling,0.0,0,0,0.1,low
248,Paez,0.0425,rise,0.042,cooling,0.0,0,0,0.0,low
249,João Pedro,-1.0,fall,1.0,imminent,-1.0,-5833,-7015,29.1,mid_high
250,Delap,0.0795,rise,0.079,cooling,0.0744,18,19,0.9,low
251,N.Jackson,0.0423,rise,0.042,cooling,0.0,0,-1,0.1,low
252,Marc Guiu,-1.0,fall,1.0,imminent,-1.0,-2670,-3102,7.8,mid_low
453,Garnacho,-0.177,fall,0.177,cooling,-0.4101,-122,-121,0.6,low
672,Hato,0.0203,rise,0.02,cooling,-0.0409,-12,-14,0.2,low
743,Emenalo,0.0368,rise,0.037,cooling,-0.0112,-3,-2,0.0,low
253,Henderson,-1.0,fall,1.0,imminent,-0.9999,-1393,-1678,8.6,mid_low
254,Benitez,0.0781,rise,0.078,cooling,0.0669,19,23,0.3,low
255,Matthews,0.0367,rise,0.037,cooling,-0.0112,-3,-2,0.1,low
256,Muñoz,-1.0,fall,1.0,imminent,-1.0,-6620,-8034,8.4,mid_low
257,Lacroix,-1.0,fall,1.0,imminent,-1.0,-1741,-2040,6.9,mid_low
258,Mitchell,-0.5425,fall,0.542,warming,-0.9155,-437,-510,2.4,low
259,Sosa,0.0684,rise,0.068,cooling,0.0484,15,14,0.1,low
260,Guéhi,0.254,rise,0.178,cooling,0.4643,115,190,41.0,high
261,Richards,-1.0,fall,1.0,imminent,-1.0,-5652,-6810,4.1,low
262,Chadi Riad,0.0381,rise,0.038,cooling,-0.0074,-3,-3,0.0,low
263,Clyne,0.2364,rise,0.236,cooling,0.3594,104,134,0.8,low
264,Holding,0.0406,rise,0.041,cooling,-0.0037,-1,-1,0.0,low
265,Kporha,0.0425,rise,0.042,cooling,0.0,0,0,0.0,low
267,Sarr,-0.8521,fall,0.852,imminent,-0.9979,-954,-1134,2.3,low
268,Doucouré,0.0425,rise,0.042,cooling,0.0,0,0,0.0,low
269,Esse,0.0445,rise,0.044,cooling,0.0037,1,2,0.1,low
270,Hughes,0.1206,rise,0.121,cooling,0.1479,41,46,0.1,low
271,Kamada,-0.0484,fall,0.048,cooling,-0.1661,-49,-66,0.1,low
272,Lerma,0.0354,rise,0.035,cooling,-0.0149,-4,1,0.1,low
273,Wharton,0.6722,rise,0.672,imminent,0.9459,498,606,0.8,low
274,Agbinone,0.0638,rise,0.064,cooling,0.0409,11,12,0.1,low
275,Ahamada,0.0618,rise,0.062,cooling,0.0372,10,10,0.0,low
276,Devenny,0.9786,rise,0.979,imminent,0.9988,1038,1229,1.4,low
277,Ebiowei,0.0425,rise,0.042,cooling,0.0,0,0,0.0,low
278,J.Rak-Sakyi,0.0362,rise,0.036,cooling,-0.0112,-4,-4,0.0,low
279,M.França,0.0425,rise,0.042,cooling,0.0,0,0,0.0,low
280,Ozoh,0.0425,rise,0.042,cooling,0.0,0,0,0.0,low
281,Rodney,0.0464,rise,0.046,cooling,0.0074,2,2,0.0,low
282,Umeh,0.0406,rise,0.041,cooling,-0.0037,-1,-1,0.0,low
283,Mateta,-1.0,fall,1.0,imminent,-1.0,-9612,-11411,13.6,mid_low
284,Nketiah,-0.6797,fall,0.68,warming,-0.9793,-650,-765,0.6,low
285,Édouard,0.015,rise,0.015,cooling,-0.0521,-14,-16,0.2,low
286,Marsh,0.0201,rise,0.02,cooling,-0.0372,-14,-20,0.3,low
690,Cardines,-0.0495,fall,0.049,cooling,-0.1733,-48,-55,0.3,low
712,Yeremy,-0.0566,fall,0.057,cooling,-0.1877,-54,-50,0.3,low
723,Canvot,0.0331,rise,0.033,cooling,-0.0186,-5,-3,0.0,low
732,Uche,0.0938,rise,0.094,cooling,0.0965,28,29,0.0,low
762,Drakes-Thomas,0.056,rise,0.056,cooling,0.0261,7,7,0.0,low
242,Dewsbury-Hall,-1.0,fall,1.0,imminent,-1.0,-6673,-7973,5.5,mid_low
287,Pickford,1.0,rise,1.0,imminent,1.0,1795,2112,11.0,mid_low
288,Travers,0.0351,rise,0.035,cooling,-0.0149,-3,-4,0.1,low
289,Tyrer,0.0425,rise,0.043,cooling,0.0,1,-2,0.1,low
290,Branthwaite,0.0326,rise,0.033,cooling,-0.0186,-5,-6,0.1,low
291,Tarkowski,1.0,rise,1.0,imminent,1.0,2834,3309,7.9,mid_low
292,Mykolenko,0.5989,rise,0.599,warming,0.8932,406,466,0.5,low
293,O'Brien,0.5583,rise,0.558,warming,0.8568,360,395,0.4,low
294,Coleman,0.0189,rise,0.019,cooling,-0.0447,-12,-14,0.1,low
295,Keane,1.0,rise,1.0,imminent,1.0,9807,11552,4.6,low
296,Patterson,0.0457,rise,0.046,cooling,0.0074,1,0,0.0,low
297,Dixon,0.0733,rise,0.073,cooling,0.0595,16,16,0.2,low
298,Welch,0.0526,rise,0.053,cooling,0.0186,6,6,0.1,low
299,Ndiaye,-1.0,fall,1.0,imminent,-1.0,-3146,-3771,4.2,low
300,McNeil,0.4037,rise,0.404,warming,0.6388,221,252,0.1,low
301,Alcaraz,0.5302,rise,0.53,warming,0.8312,330,341,0.1,low
302,Gana,0.0114,rise,0.011,cooling,-0.0595,-16,-17,0.1,low
303,Garner,0.7798,rise,0.78,imminent,0.9848,678,791,0.6,low
304,Iroegbunam,0.1328,rise,0.133,cooling,0.1697,50,49,0.0,low
305,Armstrong,0.0425,rise,0.042,cooling,0.0,0,0,0.0,low
306,Bates,0.1147,rise,0.115,cooling,0.1369,38,42,0.1,low
307,Ebere,0.051,rise,0.051,cooling,0.0186,3,2,0.0,low
308,Heath,0.0425,rise,0.042,cooling,0.0,0,0,0.0,low
309,Metcalfe,0.0406,rise,0.041,cooling,-0.0037,-1,-1,0.0,low
310,Barry,0.5738,rise,0.574,warming,0.8701,380,417,0.4,low
311,Beto,-0.1444,fall,0.144,cooling,-0.3332,-101,-144,2.5,low
312,Y.Chermiti,0.0423,rise,0.042,cooling,0.0,0,-1,0.1,low
313,Sherif,0.0326,rise,0.033,cooling,-0.0186,-5,-6,0.1,low
419,Grealish,1.0,rise,1.0,imminent,1.0,4750,5491,10.6,mid_low
630,King,0.0173,rise,0.017,cooling,-0.0409,-15,-20,1.4,low
667,Aznou,0.0456,rise,0.046,cooling,0.0074,1,0,0.1,low
704,Onyango,0.0287,rise,0.029,cooling,-0.0261,-7,-8,0.1,low
705,Campbell,0.0315,rise,0.032,cooling,-0.0186,-7,-8,0.2,low
707,Dibling,0.0524,rise,0.052,cooling,0.0186,6,4,0.0,low
728,Röhl,0.0541,rise,0.054,cooling,0.0223,6,6,0.0,low
314,Leno,-0.1109,fall,0.111,cooling,-0.2792,-81,-109,1.8,low
315,Benda,0.0425,rise,0.042,cooling,0.0,0,0,0.0,low
316,Robinson,0.7298,rise,0.73,imminent,0.9705,589,709,0.6,low
317,Andersen,0.7687,rise,0.769,imminent,0.9806,654,826,6.7,mid_low
318,Bassey,-0.4189,fall,0.419,cooling,-0.779,-301,-372,0.4,low
319,Castagne,-0.0103,fall,0.01,cooling,-0.0965,-31,-31,0.1,low
320,Diop,0.0481,rise,0.048,cooling,0.0112,3,2,0.1,low
321,J.Cuenca,0.0661,rise,0.066,cooling,0.0447,12,15,0.0,low
322,Tete,0.7451,rise,0.745,imminent,0.974,617,736,0.9,low
323,Amissah,0.04,rise,0.04,cooling,-0.0037,-2,-2,0.1,low
324,Iwobi,-0.6189,fall,0.619,warming,-0.9624,-552,-633,0.9,low
325,Smith Rowe,0.7778,rise,0.778,imminent,0.9817,677,790,0.9,low
326,Adama,0.0344,rise,0.034,cooling,-0.0149,-4,-6,0.1,low
327,Andreas,0.0365,rise,0.036,cooling,-0.0112,-3,-4,0.1,low
328,Sessegnon,-0.2293,fall,0.229,cooling,-0.4874,-158,-192,0.2,low
329,Wilson,-1.0,fall,1.0,imminent,-1.0,-4547,-5415,19.1,mid_high
330,Berge,0.0367,rise,0.037,cooling,-0.0112,-3,-2,0.1,low
331,Cairney,0.0407,rise,0.041,cooling,-0.0037,-1,0,0.0,low
332,Lukić,0.0908,rise,0.091,cooling,0.0928,26,23,0.1,low
333,Godo,0.0401,rise,0.04,cooling,-0.0037,-2,-2,0.0,low
334,Harris,0.0425,rise,0.042,cooling,0.0,0,0,0.0,low
335,King,-0.4537,fall,0.454,warming,-0.8346,-333,-368,2.8,low
336,Reed,0.0252,rise,0.025,cooling,-0.0335,-8,-9,0.3,low
337,Raúl,-0.9933,fall,0.993,imminent,-0.9997,-1223,-1426,2.5,low
338,Muniz,-0.0601,fall,0.06,cooling,-0.1913,-52,-69,0.7,low
664,Lecomte,0.0114,rise,0.011,cooling,-0.0595,-16,-13,0.7,low
727,Chukwueze,-0.4742,fall,0.474,warming,-0.8538,-356,-418,0.2,low
731,Kevin,0.2246,rise,0.225,cooling,0.3398,99,112,0.1,low
737,Kusi-Asare,0.0442,rise,0.044,cooling,0.0,3,5,0.1,low
770,Ridgeon,0.0508,rise,0.051,cooling,0.0149,4,8,0.0,low
339,Meslier,-0.0094,fall,0.009,cooling,-0.1002,-26,-26,0.4,low
340,Cairns,0.0357,rise,0.036,cooling,-0.0112,-4,-6,0.2,low
341,Darlow,0.0694,rise,0.069,cooling,0.0521,17,18,2.1,low
342,Bogle,0.0675,rise,0.068,cooling,0.0409,16,26,0.2,low
343,Struijk,0.0808,rise,0.081,cooling,0.0707,20,30,0.3,low
344,Bijol,0.6984,rise,0.698,imminent,0.9565,536,662,0.5,low
345,Bornauw,0.0326,rise,0.033,cooling,-0.0186,-5,-6,0.1,low
346,Byram,0.0077,rise,0.008,cooling,-0.0632,-20,-22,0.2,low
347,Gudmundsson,0.8316,rise,0.832,imminent,0.9922,771,916,3.9,low
348,Rodon,0.0225,rise,0.023,cooling,-0.0298,-13,6,5.3,mid_low
349,Schmidt,0.0365,rise,0.036,cooling,-0.0112,-3,-4,0.1,low
350,Aaronson,0.154,rise,0.154,cooling,0.2092,58,73,0.1,low
351,Gnonto,0.0434,rise,0.043,cooling,0.0037,0,-3,0.1,low
352,Harrison,0.059,rise,0.059,cooling,0.0335,8,6,0.1,low
353,James,0.0237,rise,0.024,cooling,-0.0335,-11,-13,0.1,low
354,Ampadu,0.501,rise,0.501,warming,0.7834,300,344,0.1,low
355,Greenwood,0.0424,rise,0.042,cooling,0.0,0,-1,0.0,low
356,Gruev,0.0698,rise,0.07,cooling,0.0484,16,21,0.0,low
357,Ramazani,0.0386,rise,0.039,cooling,-0.0074,-2,-2,0.0,low
358,Tanaka,0.1288,rise,0.129,cooling,0.1661,42,54,0.3,low
359,Crew,0.0406,rise,0.041,cooling,-0.0037,-1,-1,0.0,low
360,Gelhardt,0.0443,rise,0.044,cooling,0.0037,1,0,0.0,low
361,Gyabi,0.0385,rise,0.038,cooling,-0.0074,-2,-3,0.0,low
362,Piroe,-0.0241,fall,0.024,cooling,-0.1186,-39,-46,0.4,low
363,Bamford,0.0031,rise,0.003,cooling,-0.0744,-20,-23,0.4,low
364,Mateo Joseph,0.0406,rise,0.041,cooling,-0.0037,-1,-1,0.0,low
365,Nmecha,-0.3015,fall,0.301,cooling,-0.6069,-206,-253,0.5,low
493,Longstaff,-0.1775,fall,0.178,cooling,-0.407,-119,-144,0.3,low
660,Stach,1.0,rise,1.0,imminent,1.0,5242,6108,2.5,low
665,Perri,0.0029,rise,0.003,cooling,-0.0781,-18,-21,0.2,low
691,Calvert-Lewin,1.0,rise,1.0,imminent,1.0,10359,12435,7.9,mid_low
698,Okafor,0.0878,rise,0.088,cooling,0.0855,23,30,0.1,low
706,Justin,0.0093,rise,0.009,cooling,-0.0632,-17,-18,0.2,low
741,Gray,0.0572,rise,0.057,cooling,0.0223,13,10,0.1,low
366,A.Becker,1.0,rise,1.0,imminent,1.0,1672,2000,6.1,mid_low
367,Mamardashvili,-0.2454,fall,0.245,cooling,-0.5234,-164,-190,0.6,low
368,Pécsi,-0.0202,fall,0.02,cooling,-0.115,-32,-48,0.3,low
369,Woodman,0.0017,rise,0.002,cooling,-0.0744,-22,-29,0.2,low
370,Frimpong,1.0,rise,1.0,imminent,1.0,3389,3975,4.7,low
371,Kerkez,0.6794,rise,0.679,imminent,0.9519,512,617,3.0,low
372,Robertson,0.0474,rise,0.047,cooling,0.0149,2,-5,1.0,low
373,Virgil,1.0,rise,1.0,imminent,1.0,5473,6509,24.6,mid_high
374,Konaté,1.0,rise,1.0,imminent,1.0,2629,3126,3.5,low
375,Bradley,-0.1664,fall,0.166,cooling,-0.3851,-113,-141,0.2,low
376,Gomez,-0.1036,fall,0.104,cooling,-0.2723,-78,-93,0.2,low
377,Tsimikas,0.0442,rise,0.044,cooling,0.0037,1,-1,0.0,low
378,Nallo,-0.0676,fall,0.068,cooling,-0.2092,-57,-63,0.3,low
379,R.Williams,0.0021,rise,0.002,cooling,-0.0744,-22,-26,0.2,low
380,Ramsay,-0.0086,fall,0.009,cooling,-0.0965,-25,-34,0.3,low
381,M.Salah,-1.0,fall,1.0,imminent,-1.0,-2195,-2703,15.1,mid_high
382,Wirtz,1.0,rise,1.0,imminent,1.0,13905,16385,8.9,mid_low
383,Luis Díaz,0.0406,rise,0.041,cooling,-0.0037,-1,-1,0.0,low
384,Gakpo,-1.0,fall,1.0,imminent,-1.0,-1641,-1987,5.4,mid_low
385,Chiesa,0.5687,rise,0.569,warming,0.8627,367,436,0.3,low
386,Mac Allister,1.0,rise,1.0,imminent,0.9993,1127,1352,1.4,low
387,Szoboszlai,-1.0,fall,1.0,imminent,-1.0,-5741,-6806,4.7,low
388,C.Jones,0.5128,rise,0.513,warming,0.8027,308,355,0.2,low
390,Gravenberch,1.0,rise,1.0,imminent,1.0,5447,6430,5.1,mid_low
392,Endo,0.0268,rise,0.027,cooling,-0.0298,-8,-9,0.1,low
393,Bajcetic,0.0328,rise,0.033,cooling,-0.0186,-5,-5,0.0,low
394,McConnell,0.0406,rise,0.041,cooling,-0.0037,-1,-1,0.0,low
395,Morton,0.0425,rise,0.042,cooling,0.0,0,0,0.0,low
396,Nyoni,-0.0395,fall,0.039,cooling,-0.1515,-44,-53,0.4,low
397,Darwin,0.0405,rise,0.04,cooling,-0.0037,-1,-1,0.1,low
398,Danns,0.0365,rise,0.036,cooling,-0.0112,-3,-4,0.1,low
499,Isak,-0.9937,fall,0.994,imminent,-0.9996,-1213,-1448,4.0,low
661,Ekitiké,1.0,rise,1.0,imminent,1.0,48053,57203,31.0,high
686,Ngumoha,0.512,rise,0.512,warming,0.8027,302,369,0.7,low
692,Leoni,0.0425,rise,0.042,cooling,0.0,0,0,0.0,low
746,Morrison,0.0486,rise,0.049,cooling,0.0112,3,5,0.0,low
760,Lucky,0.0407,rise,0.041,cooling,-0.0037,-1,0,0.0,low
182,Trafford,-0.048,fall,0.048,cooling,-0.1624,-49,-68,1.0,low
399,Ederson M.,-0.0035,fall,0.003,cooling,-0.0855,-24,-26,0.9,low
400,Ortega Moreno,0.0356,rise,0.036,cooling,-0.0112,-4,-7,0.2,low
401,Bettinelli,0.0356,rise,0.036,cooling,-0.0112,-5,-5,0.1,low
402,Aït-Nouri,-0.4765,fall,0.476,warming,-0.8477,-351,-443,3.9,low
403,Gvardiol,1.0,rise,1.0,imminent,1.0,1883,2299,9.1,mid_low
404,Akanji,0.0339,rise,0.034,cooling,-0.0149,-5,-6,0.3,low
405,Aké,-0.0124,fall,0.012,cooling,-0.1002,-28,-41,0.6,low
406,Khusanov,0.0335,rise,0.033,cooling,-0.0149,-5,-9,0.3,low
407,Matheus N.,1.0,rise,1.0,imminent,1.0,1813,2134,2.2,low
408,Rúben,1.0,rise,1.0,imminent,0.9996,1193,1414,7.3,mid_low
409,Stones,-0.0704,fall,0.07,cooling,-0.2092,-58,-79,0.6,low
410,Lewis,-0.0908,fall,0.091,cooling,-0.2445,-71,-89,1.3,low
411,O'Reilly,1.0,rise,1.0,imminent,1.0,2157,2502,11.3,mid_low
412,Vitor Reis,0.0425,rise,0.042,cooling,0.0,0,0,0.0,low
413,Marmoush,-0.2159,fall,0.216,cooling,-0.4759,-141,-159,2.4,low
414,Foden,1.0,rise,1.0,imminent,1.0,10636,13123,41.0,high
415,Savinho,0.0121,rise,0.012,cooling,-0.0558,-16,-20,0.4,low
416,Bernardo,0.0814,rise,0.081,cooling,0.0707,21,33,0.5,low
417,Cherki,1.0,rise,1.0,imminent,1.0,5740,6876,8.6,mid_low
418,Doku,-1.0,fall,1.0,imminent,-1.0,-4934,-5860,3.9,low
420,Gündoğan,0.0424,rise,0.042,cooling,0.0,0,0,0.1,low
421,Rodrigo,0.0203,rise,0.02,cooling,-0.0409,-11,-15,0.4,low
422,Kovačić,0.0424,rise,0.042,cooling,0.0,0,-1,0.0,low
423,N.Gonzalez,0.024,rise,0.024,cooling,-0.0335,-10,-14,0.1,low
424,Bobb,-0.037,fall,0.037,cooling,-0.1479,-43,-49,0.2,low
425,Echeverri,0.0425,rise,0.042,cooling,0.0,0,0,0.0,low
427,Reijnders,0.9233,rise,0.923,imminent,0.9975,946,1144,11.8,mid_low
428,Nypan,0.0425,rise,0.042,cooling,0.0,0,0,0.0,low
429,Phillips,0.0387,rise,0.039,cooling,-0.0074,-2,-1,0.1,low
430,Haaland,1.0,rise,1.0,imminent,1.0,1930,2332,74.1,high
736,Donnarumma,0.377,rise,0.377,cooling,0.6139,201,244,10.2,mid_low
739,Mukasa,0.0581,rise,0.058,cooling,0.0298,8,9,0.0,low
740,Mfuni,0.0197,rise,0.02,cooling,-0.0447,-11,-12,0.0,low
742,McAidoo,0.0501,rise,0.05,cooling,0.0149,4,3,0.0,low
763,Gray,0.0446,rise,0.045,cooling,0.0037,1,2,0.0,low
764,Heskey,0.0444,rise,0.044,cooling,0.0037,1,1,0.0,low
119,Mbeumo,-1.0,fall,1.0,imminent,-1.0,-11261,-13508,11.6,mid_low
431,Bayindir,0.0099,rise,0.01,cooling,-0.0632,-16,-16,0.3,low
432,Onana,0.0327,rise,0.033,cooling,-0.0186,-5,-5,0.1,low
433,Harrison,0.0425,rise,0.042,cooling,0.0,0,0,0.0,low
434,Heaton,0.047,rise,0.047,cooling,0.0112,3,-5,0.3,low
435,Mee,0.0271,rise,0.027,cooling,-0.0298,-8,-7,0.1,low
436,De Ligt,-0.6929,fall,0.693,warming,-0.9822,-664,-805,2.3,low
437,Martinez,0.3007,rise,0.301,cooling,0.4673,145,187,0.2,low
438,Mazraoui,-0.0604,fall,0.06,cooling,-0.1913,-55,-66,0.2,low
439,D.Leon,0.0418,rise,0.042,cooling,0.0,-1,-2,0.1,low
440,Dalot,0.664,rise,0.664,imminent,0.9406,496,572,1.8,low
441,Dorgu,0.4965,rise,0.496,warming,0.7761,300,344,2.2,low
442,Maguire,-0.1025,fall,0.103,cooling,-0.2689,-79,-90,0.5,low
443,Shaw,0.0907,rise,0.091,cooling,0.1002,24,10,0.6,low
444,Yoro,-0.1319,fall,0.132,cooling,-0.3199,-92,-121,1.4,low
445,Amass,0.0358,rise,0.036,cooling,-0.0112,-4,-6,0.1,low
446,Fredricson,0.052,rise,0.052,cooling,0.0186,5,4,0.1,low
447,Heaven,0.8645,rise,0.864,imminent,0.9947,822,998,1.8,low
448,Malacia,-0.0116,fall,0.012,cooling,-0.1002,-30,-31,0.4,low
449,B.Fernandes,-1.0,fall,1.0,imminent,-1.0,-78773,-95460,22.1,mid_high
450,Cunha,1.0,rise,1.0,imminent,1.0,21615,25983,6.9,mid_low
451,Rashford,0.0425,rise,0.042,cooling,0.0,0,0,0.0,low
452,Amad,-0.6532,fall,0.653,warming,-0.9713,-604,-716,1.1,low
454,Antony,0.0419,rise,0.042,cooling,0.0,-1,-1,0.1,low
455,Mount,1.0,rise,1.0,imminent,1.0,1555,1860,0.9,low
457,Casemiro,0.7475,rise,0.748,imminent,0.9749,621,741,1.0,low
458,Mainoo,-0.2954,fall,0.295,cooling,-0.6021,-200,-239,0.4,low
459,Ugarte,0.135,rise,0.135,cooling,0.1733,47,64,0.1,low
460,Collyer,0.0367,rise,0.037,cooling,-0.0112,-3,-3,0.0,low
461,Fitzgerald,0.0482,rise,0.048,cooling,0.0112,3,2,0.0,low
462,J.Fletcher,0.1228,rise,0.123,cooling,0.1479,42,60,0.1,low
463,Kone,0.0554,rise,0.055,cooling,0.0261,6,6,0.1,low
464,Moorhouse,0.0386,rise,0.039,cooling,-0.0074,-2,-2,0.0,low
465,Højlund,0.0326,rise,0.033,cooling,-0.0186,-5,-5,0.3,low
466,Zirkzee,-0.2257,fall,0.226,cooling,-0.4874,-152,-180,0.5,low
467,Obi,0.6041,rise,0.604,imminent,0.8925,412,498,1.8,low
468,Wheatley,0.0405,rise,0.04,cooling,-0.0037,-1,-1,0.1,low
681,Šeško,0.3995,rise,0.4,warming,0.6518,215,220,3.1,low
733,Lammens,-0.4716,fall,0.472,warming,-0.8466,-352,-421,1.6,low
755,Lacey,0.0801,rise,0.08,cooling,0.0707,20,23,0.0,low
769,Bendito Mantato,0.0464,rise,0.046,cooling,0.0074,2,2,0.0,low
52,J.Ramsey,0.099,rise,0.099,cooling,0.1076,31,29,0.2,low
135,Wissa,-0.239,fall,0.239,cooling,-0.5098,-162,-187,0.6,low
469,Pope,-0.9212,fall,0.921,imminent,-0.9991,-1075,-1292,4.6,low
471,Gillespie,0.0405,rise,0.04,cooling,-0.0037,-1,-1,0.1,low
472,Odysseas,0.0425,rise,0.042,cooling,0.0,0,0,0.0,low
473,Hall,0.3941,rise,0.394,warming,0.6299,205,257,1.1,low
474,Schär,-0.2706,fall,0.271,cooling,-0.5577,-180,-228,1.7,low
475,Botman,-0.0383,fall,0.038,cooling,-0.1479,-42,-61,0.3,low
476,Burn,-1.0,fall,1.0,imminent,-1.0,-5488,-6523,5.1,mid_low
477,Livramento,-1.0,fall,1.0,imminent,-1.0,-1705,-2055,2.7,low
478,Trippier,-0.3172,fall,0.317,cooling,-0.6388,-211,-260,1.3,low
479,Krafth,0.0424,rise,0.042,cooling,0.0,0,-1,0.0,low
480,Lascelles,-0.0061,fall,0.006,cooling,-0.0928,-25,-27,0.1,low
481,A.Murphy,0.1243,rise,0.124,cooling,0.1479,45,66,0.7,low
482,Ashby,0.0229,rise,0.023,cooling,-0.0372,-10,-11,0.1,low
483,Pivas,-0.0114,fall,0.011,cooling,-0.0965,-29,-43,0.4,low
484,Targett,0.0186,rise,0.019,cooling,-0.0447,-12,-16,0.2,low
485,Gordon,1.0,rise,1.0,imminent,1.0,7544,8960,3.4,low
486,Elanga,-0.2353,fall,0.235,cooling,-0.4987,-154,-199,2.9,low
487,Barnes,-0.6569,fall,0.657,warming,-0.9705,-612,-723,1.2,low
488,Bruno G.,-1.0,fall,1.0,imminent,-1.0,-2459,-2830,13.7,mid_low
489,J.Murphy,0.183,rise,0.183,cooling,0.2723,71,77,0.8,low
490,Joelinton,0.0539,rise,0.054,cooling,0.0261,3,4,0.3,low
491,Tonali,0.3051,rise,0.305,cooling,0.4759,149,189,1.0,low
492,Antoñito C.,0.0425,rise,0.042,cooling,0.0,0,0,0.0,low
494,Willock,0.0772,rise,0.077,cooling,0.0669,18,18,0.1,low
495,Hayden,0.0406,rise,0.041,cooling,-0.0037,-1,-1,0.0,low
496,Kuol,0.0406,rise,0.041,cooling,-0.0037,-1,-1,0.0,low
497,L.Miley,1.0,rise,1.0,imminent,1.0,2782,3334,3.0,low
498,White,0.0425,rise,0.042,cooling,0.0,0,0,0.0,low
500,Osula,-0.0015,fall,0.001,cooling,-0.0818,-23,-29,0.2,low
501,Neave,0.0375,rise,0.038,cooling,-0.0074,-3,-6,0.2,low
674,Ramsdale,-0.2926,fall,0.293,cooling,-0.5974,-198,-234,0.9,low
684,Thiaw,-0.4064,fall,0.406,cooling,-0.7655,-289,-337,2.6,low
689,Seung soo,0.0236,rise,0.024,cooling,-0.0335,-10,-16,0.2,low
714,Woltemade,1.0,rise,1.0,imminent,1.0,3561,4168,18.2,mid_high
753,Ruddy,0.0367,rise,0.037,cooling,-0.0112,-3,-3,0.0,low
765,Shahar,0.0876,rise,0.088,cooling,0.0855,23,28,0.0,low
12,Zinchenko,0.0564,rise,0.056,cooling,0.0261,8,8,0.2,low
426,McAtee,0.0383,rise,0.038,cooling,-0.0074,-2,-4,0.1,low
502,Sels,-0.8208,fall,0.821,imminent,-0.9963,-885,-1075,6.1,mid_low
503,C.Miguel,0.0249,rise,0.025,cooling,-0.0335,-9,-10,0.1,low
504,Turner,0.0286,rise,0.029,cooling,-0.0261,-7,-9,0.1,low
505,Milenković,-0.6678,fall,0.668,warming,-0.974,-622,-752,3.4,low
506,Murillo,-0.3668,fall,0.367,cooling,-0.7188,-251,-286,1.9,low
507,Aina,-0.1735,fall,0.174,cooling,-0.3882,-119,-157,2.0,low
508,N.Williams,-0.7102,fall,0.71,imminent,-0.9841,-694,-837,3.5,low
509,David Carmo,0.0425,rise,0.042,cooling,0.0,0,0,0.0,low
510,Jair Cunha,0.0439,rise,0.044,cooling,0.0037,1,-2,0.1,low
511,Morato,0.0597,rise,0.06,cooling,0.0335,9,8,0.1,low
512,O.Richards,0.0406,rise,0.041,cooling,-0.0037,-1,-1,0.0,low
513,Abbott,0.3554,rise,0.355,warming,0.5704,182,198,0.3,low
514,Boly,0.0469,rise,0.047,cooling,0.0112,4,-8,0.4,low
515,Gibbs-White,-0.6992,fall,0.699,warming,-0.986,-682,-787,2.9,low
516,Hudson-Odoi,0.1455,rise,0.145,cooling,0.1913,56,71,0.9,low
517,Anderson,-0.7,fall,0.7,imminent,-0.9813,-671,-826,4.7,low
518,Jota,0.0406,rise,0.041,cooling,-0.0037,-1,-1,0.0,low
519,Dominguez,0.0375,rise,0.037,cooling,-0.0112,-2,0,0.0,low
520,O'Brien,0.0425,rise,0.042,cooling,0.0,0,0,0.0,low
521,Sangaré,0.0196,rise,0.02,cooling,-0.0409,-13,-17,0.1,low
522,Yates,0.021,rise,0.021,cooling,-0.0409,-11,-12,0.1,low
523,Da Silva Moreira,0.0326,rise,0.033,cooling,-0.0186,-5,-6,0.1,low
524,Stamenic,0.0442,rise,0.044,cooling,0.0037,1,-1,0.0,low
525,Wood,-0.4615,fall,0.462,cooling,-0.8335,-332,-418,5.0,mid_low
526,Igor Jesus,-0.6784,fall,0.678,warming,-0.9796,-644,-768,1.1,low
527,Awoniyi,0.0858,rise,0.086,cooling,0.0855,22,19,0.3,low
669,Ndoye,-0.5078,fall,0.508,warming,-0.8838,-391,-481,0.8,low
675,Gunn,-0.0425,fall,0.042,cooling,-0.1552,-44,-60,1.2,low
693,Hutchinson,0.0877,rise,0.088,cooling,0.0892,22,22,0.1,low
696,Kalimuendo,0.0238,rise,0.024,cooling,-0.0372,-8,-10,0.1,low
699,Douglas Luiz,0.1068,rise,0.107,cooling,0.1223,34,35,0.0,low
715,John,0.1251,rise,0.125,cooling,0.1552,43,55,0.4,low
716,Savona,-0.1375,fall,0.137,cooling,-0.3332,-100,-110,0.2,low
729,Cuiabano,0.0425,rise,0.042,cooling,0.0,0,0,0.0,low
734,Bakwa,0.0426,rise,0.043,cooling,0.0,0,1,0.0,low
528,Patterson,0.02,rise,0.02,cooling,-0.0447,-11,-8,0.2,low
529,Moore,0.0243,rise,0.024,cooling,-0.0335,-9,-12,0.4,low
530,Nna Noukeu,0.04,rise,0.04,cooling,-0.0037,-2,-2,0.1,low
531,Ballard,1.0,rise,1.0,imminent,1.0,2579,3080,4.1,low
532,Hume,0.2953,rise,0.295,cooling,0.4643,142,164,0.3,low
533,Alese,0.0386,rise,0.039,cooling,-0.0074,-2,-2,0.0,low
534,Anderson,-0.0396,fall,0.04,cooling,-0.1588,-41,-42,0.4,low
535,Cirkin,0.0446,rise,0.045,cooling,0.0037,1,2,0.0,low
536,Hjelde,0.0468,rise,0.047,cooling,0.0074,2,5,0.0,low
537,Huggins,0.0384,rise,0.038,cooling,-0.0074,-2,-3,0.1,low
538,Johnson,0.0143,rise,0.014,cooling,-0.0521,-15,-18,0.2,low
539,O'Nien,0.0403,rise,0.04,cooling,-0.0037,-1,-3,0.0,low
540,Pembele,-0.0398,fall,0.04,cooling,-0.1552,-42,-51,0.4,low
541,Reinildo,-0.9656,fall,0.966,imminent,-0.9995,-1167,-1374,3.0,low
542,Seelt,0.0231,rise,0.023,cooling,-0.0372,-10,-10,0.1,low
543,Adingra,0.0438,rise,0.044,cooling,0.0037,1,-1,0.4,low
544,Diarra,0.0367,rise,0.037,cooling,-0.0112,-3,-3,0.0,low
545,Roberts,0.0425,rise,0.042,cooling,0.0,0,0,0.0,low
546,Aleksić,0.0386,rise,0.039,cooling,-0.0074,-2,-2,0.0,low
547,E.Le Fée,1.0,rise,1.0,imminent,0.9998,1275,1540,0.9,low
548,Mundle,0.05,rise,0.05,cooling,0.0149,4,2,0.0,low
549,Neil,0.0368,rise,0.037,cooling,-0.0112,-3,-2,0.0,low
550,Poveda,0.0442,rise,0.044,cooling,0.0037,1,-1,0.0,low
551,Rigg,0.0585,rise,0.058,cooling,0.0298,9,9,0.0,low
552,Sadiki,0.0068,rise,0.007,cooling,-0.0669,-19,-21,0.1,low
553,Talbi,-0.1079,fall,0.108,cooling,-0.2826,-80,-90,0.2,low
554,Ba,-0.0327,fall,0.033,cooling,-0.1406,-39,-48,0.4,low
555,Browne,0.0406,rise,0.041,cooling,-0.0037,-1,-1,0.0,low
556,Ekwah,0.0406,rise,0.041,cooling,-0.0037,-1,-1,0.0,low
557,H.Jones,0.0587,rise,0.059,cooling,0.0298,9,11,0.1,low
558,Matete,0.1035,rise,0.104,cooling,0.115,33,36,0.2,low
559,Triantis,0.0367,rise,0.037,cooling,-0.0112,-3,-3,0.0,low
560,Isidor,-0.9123,fall,0.912,imminent,-0.9988,-1071,-1252,2.4,low
561,Mayenda,-0.0348,fall,0.035,cooling,-0.1406,-44,-49,0.5,low
562,Abdullahi,-0.0623,fall,0.062,cooling,-0.1913,-60,-65,0.4,low
563,Luís Hemir,0.0282,rise,0.028,cooling,-0.0261,-8,-9,0.1,low
564,Rusyn,0.025,rise,0.025,cooling,-0.0335,-9,-9,0.1,low
668,Xhaka,1.0,rise,1.0,imminent,1.0,1767,2093,6.6,mid_low
670,Roefs,1.0,rise,1.0,imminent,1.0,2812,3415,9.7,mid_low
678,Masuaku,-0.1755,fall,0.176,cooling,-0.4008,-119,-145,0.6,low
683,Alderete,1.0,rise,1.0,imminent,1.0,2955,3469,5.2,mid_low
694,Mukiele,1.0,rise,1.0,imminent,1.0,2975,3505,6.8,mid_low
724,Geertruida,0.0827,rise,0.083,cooling,0.0744,22,26,0.0,low
730,Brobbey,0.0432,rise,0.043,cooling,0.0037,-3,5,0.3,low
735,Traoré,-0.0188,fall,0.019,cooling,-0.115,-33,-37,0.0,low
565,Vicario,-0.9589,fall,0.959,imminent,-0.9995,-1147,-1354,7.1,mid_low
566,Austin,0.0264,rise,0.026,cooling,-0.0298,-9,-8,0.3,low
567,Kinsky,-0.1449,fall,0.145,cooling,-0.3464,-97,-126,1.8,low
568,Pedro Porro,-1.0,fall,1.0,imminent,-1.0,-2128,-2530,12.8,mid_low
569,Romero,-1.0,fall,1.0,imminent,-1.0,-2811,-3332,3.8,low
570,Danso,0.0392,rise,0.039,cooling,-0.0074,0,-3,0.1,low
571,Davies,0.0236,rise,0.024,cooling,-0.0372,-10,-6,0.1,low
572,Dragusin,0.0428,rise,0.043,cooling,0.0,0,2,0.0,low
573,Spence,-0.1054,fall,0.105,cooling,-0.2792,-77,-84,1.1,low
574,Udogie,-0.0277,fall,0.028,cooling,-0.1296,-37,-48,0.3,low
575,Van de Ven,-1.0,fall,1.0,imminent,-1.0,-4973,-5915,26.6,mid_high
576,Phillips,0.0406,rise,0.041,cooling,-0.0037,-1,-1,0.0,low
577,Takai,0.0346,rise,0.035,cooling,-0.0149,-4,-5,0.0,low
578,Vuskovic,-0.0027,fall,0.003,cooling,-0.0855,-23,-27,0.3,low
579,Son,0.0366,rise,0.037,cooling,-0.0112,-3,-3,0.1,low
580,Johnson,-0.2553,fall,0.255,cooling,-0.5395,-170,-189,2.5,low
581,Maddison,0.0309,rise,0.031,cooling,-0.0223,-6,-5,0.1,low
582,Kudus,-1.0,fall,1.0,imminent,-1.0,-1843,-2207,14.4,mid_low
583,Kulusevski,0.0424,rise,0.042,cooling,0.0,0,-1,0.0,low
584,Tel,0.0567,rise,0.057,cooling,0.0261,9,7,0.1,low
585,Bentancur,0.0086,rise,0.009,cooling,-0.0595,-18,-31,0.2,low
586,Bergvall,0.071,rise,0.071,cooling,0.0558,17,7,0.2,low
587,Bissouma,0.0404,rise,0.04,cooling,-0.0037,-1,-2,0.0,low
588,Odobert,0.0349,rise,0.035,cooling,-0.0149,-4,-3,0.0,low
589,Solomon,0.0425,rise,0.042,cooling,0.0,0,0,0.0,low
590,Bryan,0.0425,rise,0.042,cooling,0.0,0,0,0.0,low
591,Gray,0.0511,rise,0.051,cooling,0.0149,5,8,0.1,low
592,Moore,0.0425,rise,0.042,cooling,0.0,0,0,0.0,low
593,P.M.Sarr,-0.5117,fall,0.512,warming,-0.891,-402,-458,0.9,low
594,Min-hyeok,0.0425,rise,0.042,cooling,0.0,0,0,0.0,low
595,Olusesi,0.0919,rise,0.092,cooling,0.0928,28,26,0.2,low
596,Solanke,0.0011,rise,0.001,cooling,-0.0744,-21,-32,0.9,low
597,Richarlison,-1.0,fall,1.0,imminent,-0.9997,-1223,-1489,7.8,mid_low
598,Lankshear,0.0424,rise,0.042,cooling,0.0,0,-1,0.0,low
599,Scarlett,-0.0474,fall,0.047,cooling,-0.1697,-47,-51,0.6,low
673,J.Palhinha,-0.3881,fall,0.388,cooling,-0.7447,-276,-306,1.1,low
717,Xavi,-0.895,fall,0.895,imminent,-0.9987,-1025,-1260,1.1,low
726,Kolo Muani,-0.0792,fall,0.079,cooling,-0.2304,-60,-79,0.4,low
745,Byfield,0.0425,rise,0.042,cooling,0.0,0,0,0.0,low
750,Rowswell,0.0442,rise,0.044,cooling,0.0037,1,-1,0.0,low
751,Akhamrich,0.0541,rise,0.054,cooling,0.0223,6,6,0.0,low
149,Igor,0.0403,rise,0.04,cooling,-0.0037,-1,-2,0.1,low
600,Areola,0.1464,rise,0.146,cooling,0.2056,50,62,2.2,low
601,Foderingham,-0.0245,fall,0.024,cooling,-0.126,-35,-40,0.3,low
602,Hegyi,0.058,rise,0.058,cooling,0.0298,9,7,0.3,low
603,Diouf,-0.7645,fall,0.765,imminent,-0.9927,-793,-952,1.6,low
604,Emerson,0.0385,rise,0.039,cooling,-0.0074,-2,-2,0.1,low
605,Kilman,0.0066,rise,0.007,cooling,-0.0707,-17,-17,0.2,low
606,Mavropanos,0.0056,rise,0.006,cooling,-0.0707,-19,-20,0.1,low
607,N.Aguerd,0.0386,rise,0.039,cooling,-0.0074,-2,-2,0.0,low
608,Scarles,0.0438,rise,0.044,cooling,0.0037,0,-1,0.0,low
609,Todibo,0.0408,rise,0.041,cooling,-0.0037,-2,4,0.1,low
610,Wan-Bissaka,-1.0,fall,1.0,imminent,-0.9998,-1293,-1543,4.4,low
611,Casey,0.0363,rise,0.036,cooling,-0.0112,-3,-5,0.1,low
612,L.Paquetá,0.6919,rise,0.692,imminent,0.9559,527,647,1.4,low
613,Souček,0.001,rise,0.001,cooling,-0.0781,-23,-21,0.2,low
614,Ward-Prowse,0.0632,rise,0.063,cooling,0.0409,11,8,0.2,low
615,Summerville,0.1929,rise,0.193,cooling,0.2792,82,96,0.1,low
616,Álvarez,0.0406,rise,0.041,cooling,-0.0037,-1,-1,0.0,low
617,Cornet,0.0443,rise,0.044,cooling,0.0037,1,0,0.0,low
618,G.Rodriguez,0.0598,rise,0.06,cooling,0.0335,9,8,0.0,low
619,L.Guilherme,0.043,rise,0.043,cooling,0.0,1,1,0.0,low
620,Earthy,0.0404,rise,0.04,cooling,-0.0037,-1,-2,0.0,low
621,Irving,0.1741,rise,0.174,cooling,0.2515,68,75,0.3,low
622,Orford,0.0303,rise,0.03,cooling,-0.0223,-7,-7,0.1,low
623,Potts,0.5754,rise,0.575,warming,0.8771,378,416,0.7,low
624,Bowen,1.0,rise,1.0,imminent,1.0,2907,3481,7.2,mid_low
625,Füllkrug,0.0056,rise,0.006,cooling,-0.0669,-17,-33,0.6,low
626,Marshall,-0.0534,fall,0.053,cooling,-0.1805,-49,-59,0.6,low
659,Walker-Peters,0.156,rise,0.156,cooling,0.2163,59,66,0.3,low
671,Wilson,-0.5196,fall,0.52,warming,-0.8977,-409,-479,0.8,low
679,Hermansen,-0.0182,fall,0.018,cooling,-0.115,-32,-34,0.2,low
708,M.Fernandes,0.5309,rise,0.531,warming,0.8241,324,383,0.1,low
718,S.Magassa,0.0741,rise,0.074,cooling,0.0595,17,18,0.0,low
738,Fabianski,0.0337,rise,0.034,cooling,-0.0186,-4,-1,0.0,low
747,Mayers,0.0464,rise,0.046,cooling,0.0074,2,2,0.0,low
752,Golambeckis,0.0403,rise,0.04,cooling,-0.0037,-1,-3,0.0,low
758,Mohamadou Kanté,0.037,rise,0.037,cooling,-0.0112,-3,-1,0.0,low
627,Johnstone,-0.0069,fall,0.007,cooling,-0.0928,-26,-30,0.1,low
628,José Sá,-0.082,fall,0.082,cooling,-0.2269,-67,-87,1.0,low
629,Bentley,-0.0373,fall,0.037,cooling,-0.1515,-38,-53,0.5,low
631,Agbadou,-0.0036,fall,0.004,cooling,-0.0855,-24,-32,0.1,low
632,Doherty,0.0399,rise,0.04,cooling,-0.0037,-1,-5,0.1,low
633,H.Bueno,-0.0071,fall,0.007,cooling,-0.0928,-27,-29,0.1,low
634,Mosquera,0.0273,rise,0.027,cooling,-0.0298,-8,-6,0.0,low
635,R.Gomes,0.0231,rise,0.023,cooling,-0.0372,-10,-10,0.1,low
636,S.Bueno,0.0093,rise,0.009,cooling,-0.0632,-18,-16,0.1,low
637,Toti,-0.0651,fall,0.065,cooling,-0.202,-58,-63,0.1,low
638,Hoever,0.7728,rise,0.773,imminent,0.9833,666,782,1.4,low
639,Meupiyou,0.0406,rise,0.041,cooling,-0.0037,-1,-1,0.0,low
640,Pedro Lima,-0.0112,fall,0.011,cooling,-0.1002,-27,-36,0.4,low
641,Pond,-0.1476,fall,0.148,cooling,-0.3496,-104,-121,1.2,low
642,Hee Chan,0.0257,rise,0.026,cooling,-0.0298,-10,-12,0.1,low
643,André,0.0041,rise,0.004,cooling,-0.0707,-20,-28,0.1,low
644,Bellegarde,0.0328,rise,0.033,cooling,-0.0186,-5,-5,0.0,low
645,Fer López,0.0501,rise,0.05,cooling,0.0149,4,3,0.0,low
646,Gomes,0.0027,rise,0.003,cooling,-0.0744,-20,-28,0.1,low
647,Guedes,0.0425,rise,0.042,cooling,0.0,0,0,0.0,low
648,Munetsi,0.0144,rise,0.014,cooling,-0.0521,-15,-19,0.0,low
649,B.Traore,0.0425,rise,0.042,cooling,0.0,0,0,0.0,low
650,Chirewa,-0.048,fall,0.048,cooling,-0.1661,-50,-60,0.2,low
651,Edozie,0.1293,rise,0.129,cooling,0.1624,49,49,0.4,low
652,Gonzalez,0.3835,rise,0.384,warming,0.6139,200,240,1.4,low
653,Hodge,0.0406,rise,0.041,cooling,-0.0037,-1,-1,0.0,low
654,Strand Larsen,-0.1684,fall,0.168,cooling,-0.3819,-118,-147,0.9,low
655,Fábio Silva,0.0267,rise,0.027,cooling,-0.0298,-8,-9,0.2,low
656,Kalajdžić,0.0424,rise,0.042,cooling,0.0,0,0,0.1,low
657,Chiwome,0.0401,rise,0.04,cooling,-0.0037,-2,-2,0.0,low
658,Fraser,-0.2024,fall,0.202,cooling,-0.4406,-137,-174,1.7,low
663,J.Arias,-0.0038,fall,0.004,cooling,-0.0855,-25,-31,0.1,low
682,Møller Wolfe,0.0284,rise,0.028,cooling,-0.0261,-8,-8,0.1,low
695,Tchatchoua,0.042,rise,0.042,cooling,0.0,0,-4,0.0,low
709,Krejčí,0.0317,rise,0.032,cooling,-0.0186,-7,-8,0.0,low
720,Tolu,0.0252,rise,0.025,cooling,-0.0298,-8,-21,0.1,low
749,Mané,0.0719,rise,0.072,cooling,0.0521,14,32,0.1,low
766,Olagunju,0.0512,rise,0.051,cooling,0.0149,5,8,0.0,low
767,Rawlings,0.0568,rise,0.057,cooling,0.0261,8,10,0.0,low
